<?xml version="1.0" encoding="UTF-8"?>
<mesh>
    <sharedgeometry vertexcount="4">
        <vertexbuffer colours_diffuse="False" normals="true" positions="true" texture_coords="0">
            <vertex>
                <position x="-50.365513" y="-0.506580" z="13.174205"/>
                <normal x="0.000000" y="1.000000" z="-0.000000"/>
            </vertex>
            <vertex>
                <position x="50.365513" y="-0.506580" z="13.174205"/>
                <normal x="0.000000" y="1.000000" z="-0.000000"/>
            </vertex>
            <vertex>
                <position x="50.365513" y="-0.506580" z="-13.174205"/>
                <normal x="0.000000" y="1.000000" z="-0.000000"/>
            </vertex>
            <vertex>
                <position x="-50.365513" y="-0.506580" z="-13.174205"/>
                <normal x="0.000000" y="1.000000" z="-0.000000"/>
            </vertex>
        </vertexbuffer>
    </sharedgeometry>
    <submeshes>
        <submesh material="646464" operationtype="triangle_list" use32bitindexes="False" usesharedvertices="true">
            <faces count="2">
                <face v1="0" v2="1" v3="2"/>
                <face v1="0" v2="2" v3="3"/>
            </faces>
        </submesh>
    </submeshes>
    <submeshnames>
        <submesh index="0" name="646464"/>
    </submeshnames>
</mesh>
