<?xml version="1.0" encoding="UTF-8"?>
<skeleton >
  <bones >
    <bone id="0" name="Bone" >
      <position x="0.000000" y="-3.363399" z="0.000000" />
      <rotation angle="0.000000" >
        <axis x="1.000000" y="0.000000" z="0.000000" />
      </rotation>
    </bone>
  </bones>
  <bonehierarchy />
  <animations >
    <animation length="3.300000" name="Idle" >
      <tracks >
        <track bone="Bone" >
          <keyframes >
            <keyframe time="0.000000" >
              <rotate angle="1.027698" >
                <axis x="-0.261464" y="0.717458" z="0.645670" />
              </rotate>
            </keyframe>
            <keyframe time="0.033333" >
              <rotate angle="1.026901" >
                <axis x="-0.261204" y="0.718153" z="0.645003" />
              </rotate>
            </keyframe>
            <keyframe time="0.066667" >
              <rotate angle="1.024506" >
                <axis x="-0.260415" y="0.720249" z="0.642983" />
              </rotate>
            </keyframe>
            <keyframe time="0.100000" >
              <rotate angle="1.020516" >
                <axis x="-0.259081" y="0.723760" z="0.639569" />
              </rotate>
            </keyframe>
            <keyframe time="0.133333" >
              <rotate angle="1.014950" >
                <axis x="-0.257179" y="0.728702" z="0.634707" />
              </rotate>
            </keyframe>
            <keyframe time="0.166667" >
              <rotate angle="1.007842" >
                <axis x="-0.254677" y="0.735088" z="0.628319" />
              </rotate>
            </keyframe>
            <keyframe time="0.200000" >
              <rotate angle="0.999247" >
                <axis x="-0.251537" y="0.742927" z="0.620314" />
              </rotate>
            </keyframe>
            <keyframe time="0.233333" >
              <rotate angle="0.989237" >
                <axis x="-0.247710" y="0.752221" z="0.610576" />
              </rotate>
            </keyframe>
            <keyframe time="0.266667" >
              <rotate angle="0.977905" >
                <axis x="-0.243141" y="0.762963" z="0.598975" />
              </rotate>
            </keyframe>
            <keyframe time="0.300000" >
              <rotate angle="0.965368" >
                <axis x="-0.237765" y="0.775130" z="0.585355" />
              </rotate>
            </keyframe>
            <keyframe time="0.333333" >
              <rotate angle="0.951767" >
                <axis x="-0.231509" y="0.788683" z="0.569547" />
              </rotate>
            </keyframe>
            <keyframe time="0.366667" >
              <rotate angle="0.937268" >
                <axis x="-0.224291" y="0.803553" z="0.551359" />
              </rotate>
            </keyframe>
            <keyframe time="0.400000" >
              <rotate angle="0.922066" >
                <axis x="-0.216026" y="0.819640" z="0.530588" />
              </rotate>
            </keyframe>
            <keyframe time="0.433333" >
              <rotate angle="0.906380" >
                <axis x="-0.206621" y="0.836801" z="0.507023" />
              </rotate>
            </keyframe>
            <keyframe time="0.466667" >
              <rotate angle="0.890459" >
                <axis x="-0.195985" y="0.854843" z="0.480451" />
              </rotate>
            </keyframe>
            <keyframe time="0.500000" >
              <rotate angle="0.874576" >
                <axis x="-0.184029" y="0.873514" z="0.450673" />
              </rotate>
            </keyframe>
            <keyframe time="0.533333" >
              <rotate angle="0.859025" >
                <axis x="-0.170678" y="0.892495" z="0.417519" />
              </rotate>
            </keyframe>
            <keyframe time="0.566667" >
              <rotate angle="0.844122" >
                <axis x="-0.155874" y="0.911397" z="0.380867" />
              </rotate>
            </keyframe>
            <keyframe time="0.600000" >
              <rotate angle="0.830190" >
                <axis x="-0.139590" y="0.929762" z="0.340672" />
              </rotate>
            </keyframe>
            <keyframe time="0.633333" >
              <rotate angle="0.817555" >
                <axis x="-0.121839" y="0.947077" z="0.296985" />
              </rotate>
            </keyframe>
            <keyframe time="0.666667" >
              <rotate angle="0.806534" >
                <axis x="-0.102687" y="0.962790" z="0.249984" />
              </rotate>
            </keyframe>
            <keyframe time="0.700000" >
              <rotate angle="0.797421" >
                <axis x="-0.082256" y="0.976340" z="0.199987" />
              </rotate>
            </keyframe>
            <keyframe time="0.733333" >
              <rotate angle="0.790473" >
                <axis x="-0.060734" y="0.987200" z="0.147468" />
              </rotate>
            </keyframe>
            <keyframe time="0.766667" >
              <rotate angle="0.785894" >
                <axis x="-0.038370" y="0.994922" z="0.093040" />
              </rotate>
            </keyframe>
            <keyframe time="0.800000" >
              <rotate angle="0.783826" >
                <axis x="-0.015461" y="0.999179" z="0.037439" />
              </rotate>
            </keyframe>
            <keyframe time="0.833333" >
              <rotate angle="0.784338" >
                <axis x="0.007660" y="0.999799" z="-0.018524" />
              </rotate>
            </keyframe>
            <keyframe time="0.866667" >
              <rotate angle="0.787422" >
                <axis x="0.030646" y="0.996786" z="-0.074013" />
              </rotate>
            </keyframe>
            <keyframe time="0.900000" >
              <rotate angle="0.792991" >
                <axis x="0.053165" y="0.990319" z="-0.128228" />
              </rotate>
            </keyframe>
            <keyframe time="0.933333" >
              <rotate angle="0.800890" >
                <axis x="0.074916" y="0.980727" z="-0.180451" />
              </rotate>
            </keyframe>
            <keyframe time="0.966667" >
              <rotate angle="0.810901" >
                <axis x="0.095647" y="0.968458" z="-0.230089" />
              </rotate>
            </keyframe>
            <keyframe time="1.000000" >
              <rotate angle="0.822757" >
                <axis x="0.115166" y="0.954031" z="-0.276697" />
              </rotate>
            </keyframe>
            <keyframe time="1.033333" >
              <rotate angle="0.836159" >
                <axis x="0.133342" y="0.937995" z="-0.319978" />
              </rotate>
            </keyframe>
            <keyframe time="1.066667" >
              <rotate angle="0.850788" >
                <axis x="0.150103" y="0.920886" z="-0.359774" />
              </rotate>
            </keyframe>
            <keyframe time="1.100000" >
              <rotate angle="0.866316" >
                <axis x="0.165424" y="0.903206" z="-0.396048" />
              </rotate>
            </keyframe>
            <keyframe time="1.133333" >
              <rotate angle="0.882421" >
                <axis x="0.179321" y="0.885396" z="-0.428857" />
              </rotate>
            </keyframe>
            <keyframe time="1.166667" >
              <rotate angle="0.898793" >
                <axis x="0.191840" y="0.867832" z="-0.458329" />
              </rotate>
            </keyframe>
            <keyframe time="1.200000" >
              <rotate angle="0.915140" >
                <axis x="0.203046" y="0.850824" z="-0.484635" />
              </rotate>
            </keyframe>
            <keyframe time="1.233333" >
              <rotate angle="0.931194" >
                <axis x="0.213016" y="0.834618" z="-0.507973" />
              </rotate>
            </keyframe>
            <keyframe time="1.266667" >
              <rotate angle="0.946714" >
                <axis x="0.221832" y="0.819403" z="-0.528554" />
              </rotate>
            </keyframe>
            <keyframe time="1.300000" >
              <rotate angle="0.961482" >
                <axis x="0.229575" y="0.805319" z="-0.546586" />
              </rotate>
            </keyframe>
            <keyframe time="1.333333" >
              <rotate angle="0.975312" >
                <axis x="0.236327" y="0.792467" z="-0.562268" />
              </rotate>
            </keyframe>
            <keyframe time="1.366667" >
              <rotate angle="0.988040" >
                <axis x="0.242160" y="0.780915" z="-0.575787" />
              </rotate>
            </keyframe>
            <keyframe time="1.400000" >
              <rotate angle="0.999530" >
                <axis x="0.247142" y="0.770707" z="-0.587309" />
              </rotate>
            </keyframe>
            <keyframe time="1.433333" >
              <rotate angle="1.009671" >
                <axis x="0.251334" y="0.761867" z="-0.596984" />
              </rotate>
            </keyframe>
            <keyframe time="1.466667" >
              <rotate angle="1.018370" >
                <axis x="0.254788" y="0.754405" z="-0.604943" />
              </rotate>
            </keyframe>
            <keyframe time="1.500000" >
              <rotate angle="1.025559" >
                <axis x="0.257548" y="0.748322" z="-0.611296" />
              </rotate>
            </keyframe>
            <keyframe time="1.533333" >
              <rotate angle="1.031186" >
                <axis x="0.259653" y="0.743613" z="-0.616133" />
              </rotate>
            </keyframe>
            <keyframe time="1.566667" >
              <rotate angle="1.035218" >
                <axis x="0.261132" y="0.740266" z="-0.619529" />
              </rotate>
            </keyframe>
            <keyframe time="1.600000" >
              <rotate angle="1.037638" >
                <axis x="0.262008" y="0.738268" z="-0.621540" />
              </rotate>
            </keyframe>
            <keyframe time="1.633333" >
              <rotate angle="1.038443" >
                <axis x="0.262298" y="0.737605" z="-0.622205" />
              </rotate>
            </keyframe>
            <keyframe time="1.666667" >
              <rotate angle="1.037669" >
                <axis x="0.262020" y="0.738242" z="-0.621567" />
              </rotate>
            </keyframe>
            <keyframe time="1.700000" >
              <rotate angle="1.035346" >
                <axis x="0.261179" y="0.740160" z="-0.619636" />
              </rotate>
            </keyframe>
            <keyframe time="1.733333" >
              <rotate angle="1.031473" >
                <axis x="0.259759" y="0.743374" z="-0.616377" />
              </rotate>
            </keyframe>
            <keyframe time="1.766667" >
              <rotate angle="1.026067" >
                <axis x="0.257740" y="0.747895" z="-0.611737" />
              </rotate>
            </keyframe>
            <keyframe time="1.800000" >
              <rotate angle="1.019158" >
                <axis x="0.255094" y="0.753735" z="-0.605649" />
              </rotate>
            </keyframe>
            <keyframe time="1.833333" >
              <rotate angle="1.010792" >
                <axis x="0.251786" y="0.760899" z="-0.598028" />
              </rotate>
            </keyframe>
            <keyframe time="1.866667" >
              <rotate angle="1.001034" >
                <axis x="0.247775" y="0.769387" z="-0.588771" />
              </rotate>
            </keyframe>
            <keyframe time="1.900000" >
              <rotate angle="0.989965" >
                <axis x="0.243012" y="0.779191" z="-0.577760" />
              </rotate>
            </keyframe>
            <keyframe time="1.933333" >
              <rotate angle="0.977688" >
                <axis x="0.237442" y="0.790290" z="-0.564856" />
              </rotate>
            </keyframe>
            <keyframe time="1.966667" >
              <rotate angle="0.964329" >
                <axis x="0.231002" y="0.802648" z="-0.549904" />
              </rotate>
            </keyframe>
            <keyframe time="2.000000" >
              <rotate angle="0.950034" >
                <axis x="0.223624" y="0.816203" z="-0.532733" />
              </rotate>
            </keyframe>
            <keyframe time="2.033333" >
              <rotate angle="0.934976" >
                <axis x="0.215234" y="0.830870" z="-0.513156" />
              </rotate>
            </keyframe>
            <keyframe time="2.066667" >
              <rotate angle="0.919352" >
                <axis x="0.205754" y="0.846525" z="-0.490979" />
              </rotate>
            </keyframe>
            <keyframe time="2.100000" >
              <rotate angle="0.903384" >
                <axis x="0.195107" y="0.863002" z="-0.466005" />
              </rotate>
            </keyframe>
            <keyframe time="2.133333" >
              <rotate angle="0.887318" >
                <axis x="0.183219" y="0.880085" z="-0.438042" />
              </rotate>
            </keyframe>
            <keyframe time="2.166667" >
              <rotate angle="0.871422" >
                <axis x="0.170024" y="0.897501" z="-0.406919" />
              </rotate>
            </keyframe>
            <keyframe time="2.200000" >
              <rotate angle="0.855982" >
                <axis x="0.155474" y="0.914916" z="-0.372501" />
              </rotate>
            </keyframe>
            <keyframe time="2.233333" >
              <rotate angle="0.841301" >
                <axis x="0.139542" y="0.931932" z="-0.334710" />
              </rotate>
            </keyframe>
            <keyframe time="2.266667" >
              <rotate angle="0.827685" >
                <axis x="0.122236" y="0.948097" z="-0.293547" />
              </rotate>
            </keyframe>
            <keyframe time="2.300000" >
              <rotate angle="0.815438" >
                <axis x="0.103608" y="0.962916" z="-0.249116" />
              </rotate>
            </keyframe>
            <keyframe time="2.333333" >
              <rotate angle="0.804852" >
                <axis x="0.083759" y="0.975871" z="-0.201643" />
              </rotate>
            </keyframe>
            <keyframe time="2.366667" >
              <rotate angle="0.796191" >
                <axis x="0.062846" y="0.986459" z="-0.151489" />
              </rotate>
            </keyframe>
            <keyframe time="2.400000" >
              <rotate angle="0.789683" >
                <axis x="0.041082" y="0.994223" z="-0.099156" />
              </rotate>
            </keyframe>
            <keyframe time="2.433333" >
              <rotate angle="0.785501" >
                <axis x="0.018731" y="0.998799" z="-0.045269" />
              </rotate>
            </keyframe>
            <keyframe time="2.466667" >
              <rotate angle="0.783758" >
                <axis x="-0.003905" y="0.999948" z="0.009451" />
              </rotate>
            </keyframe>
            <keyframe time="2.500000" >
              <rotate angle="0.784499" >
                <axis x="-0.026504" y="0.997583" z="0.064224" />
              </rotate>
            </keyframe>
            <keyframe time="2.533333" >
              <rotate angle="0.787695" >
                <axis x="-0.048744" y="0.991784" z="0.118269" />
              </rotate>
            </keyframe>
            <keyframe time="2.566667" >
              <rotate angle="0.793249" >
                <axis x="-0.070324" y="0.982784" z="0.170851" />
              </rotate>
            </keyframe>
            <keyframe time="2.600000" >
              <rotate angle="0.800998" >
                <axis x="-0.090982" y="0.970947" z="0.221324" />
              </rotate>
            </keyframe>
            <keyframe time="2.633333" >
              <rotate angle="0.810729" >
                <axis x="-0.110509" y="0.956733" z="0.269165" />
              </rotate>
            </keyframe>
            <keyframe time="2.666667" >
              <rotate angle="0.822183" >
                <axis x="-0.128754" y="0.940656" z="0.313989" />
              </rotate>
            </keyframe>
            <keyframe time="2.700000" >
              <rotate angle="0.835073" >
                <axis x="-0.145623" y="0.923244" z="0.355550" />
              </rotate>
            </keyframe>
            <keyframe time="2.733333" >
              <rotate angle="0.849097" >
                <axis x="-0.161072" y="0.905006" z="0.393726" />
              </rotate>
            </keyframe>
            <keyframe time="2.766667" >
              <rotate angle="0.863947" >
                <axis x="-0.175106" y="0.886410" z="0.428504" />
              </rotate>
            </keyframe>
            <keyframe time="2.800000" >
              <rotate angle="0.879320" >
                <axis x="-0.187759" y="0.867865" z="0.459954" />
              </rotate>
            </keyframe>
            <keyframe time="2.833333" >
              <rotate angle="0.894926" >
                <axis x="-0.199092" y="0.849716" z="0.488206" />
              </rotate>
            </keyframe>
            <keyframe time="2.866667" >
              <rotate angle="0.910492" >
                <axis x="-0.209181" y="0.832245" z="0.513431" />
              </rotate>
            </keyframe>
            <keyframe time="2.900000" >
              <rotate angle="0.925767" >
                <axis x="-0.218110" y="0.815675" z="0.535820" />
              </rotate>
            </keyframe>
            <keyframe time="2.933333" >
              <rotate angle="0.940526" >
                <axis x="-0.225966" y="0.800173" z="0.555575" />
              </rotate>
            </keyframe>
            <keyframe time="2.966667" >
              <rotate angle="0.954564" >
                <axis x="-0.232834" y="0.785864" z="0.572892" />
              </rotate>
            </keyframe>
            <keyframe time="3.000000" >
              <rotate angle="0.967707" >
                <axis x="-0.238795" y="0.772836" z="0.587963" />
              </rotate>
            </keyframe>
            <keyframe time="3.033333" >
              <rotate angle="0.979802" >
                <axis x="-0.243925" y="0.761147" z="0.600962" />
              </rotate>
            </keyframe>
            <keyframe time="3.066667" >
              <rotate angle="0.990720" >
                <axis x="-0.248289" y="0.750832" z="0.612049" />
              </rotate>
            </keyframe>
            <keyframe time="3.100000" >
              <rotate angle="1.000355" >
                <axis x="-0.251949" y="0.741909" z="0.621363" />
              </rotate>
            </keyframe>
            <keyframe time="3.133333" >
              <rotate angle="1.008621" >
                <axis x="-0.254956" y="0.734384" z="0.629029" />
              </rotate>
            </keyframe>
            <keyframe time="3.166667" >
              <rotate angle="1.015452" >
                <axis x="-0.257353" y="0.728254" z="0.635151" />
              </rotate>
            </keyframe>
            <keyframe time="3.200000" >
              <rotate angle="1.020800" >
                <axis x="-0.259177" y="0.723509" z="0.639814" />
              </rotate>
            </keyframe>
            <keyframe time="3.233333" >
              <rotate angle="1.024633" >
                <axis x="-0.260457" y="0.720138" z="0.643090" />
              </rotate>
            </keyframe>
            <keyframe time="3.266667" >
              <rotate angle="1.026933" >
                <axis x="-0.261214" y="0.718126" z="0.645029" />
              </rotate>
            </keyframe>
            <keyframe time="3.300000" >
              <rotate angle="1.027698" >
                <axis x="-0.261464" y="0.717458" z="0.645670" />
              </rotate>
            </keyframe>
          </keyframes>
        </track>
      </tracks>
    </animation>
  </animations>
</skeleton>