<?xml version="1.0" encoding="UTF-8"?>
<skeleton >
  <bones >
    <bone id="0" name="Bone" >
      <position x="0.000000" y="-0.157292" z="0.000000" />
      <rotation angle="0.000000" >
        <axis x="1.000000" y="0.000000" z="0.000000" />
      </rotation>
    </bone>
  </bones>
  <bonehierarchy />
  <animations >
    <animation length="3.291667" name="Idle" >
      <tracks >
        <track bone="Bone" >
          <keyframes >
            <keyframe time="0.000000" >
              <translate x="0.000000" y="0.000000" z="0.109061" />
              <rotate angle="1.754906" >
                <axis x="-1.000000" y="0.000000" z="0.000000" />
              </rotate>
            </keyframe>
            <keyframe time="0.041667" >
              <translate x="0.000000" y="0.000374" z="0.109061" />
              <rotate angle="1.754906" >
                <axis x="-1.000000" y="0.000000" z="0.000000" />
              </rotate>
            </keyframe>
            <keyframe time="0.083333" >
              <translate x="0.000000" y="0.001501" z="0.109061" />
              <rotate angle="1.754906" >
                <axis x="-1.000000" y="0.000000" z="0.000000" />
              </rotate>
            </keyframe>
            <keyframe time="0.125000" >
              <translate x="0.000000" y="0.003389" z="0.109061" />
              <rotate angle="1.754906" >
                <axis x="-1.000000" y="0.000000" z="0.000000" />
              </rotate>
            </keyframe>
            <keyframe time="0.166667" >
              <translate x="0.000000" y="0.006040" z="0.109061" />
              <rotate angle="1.754906" >
                <axis x="-1.000000" y="0.000000" z="0.000000" />
              </rotate>
            </keyframe>
            <keyframe time="0.208333" >
              <translate x="0.000000" y="0.009454" z="0.109061" />
              <rotate angle="1.754906" >
                <axis x="-1.000000" y="0.000000" z="0.000000" />
              </rotate>
            </keyframe>
            <keyframe time="0.250000" >
              <translate x="0.000000" y="0.013627" z="0.109061" />
              <rotate angle="1.754906" >
                <axis x="-1.000000" y="0.000000" z="0.000000" />
              </rotate>
            </keyframe>
            <keyframe time="0.291667" >
              <translate x="0.000000" y="0.018550" z="0.109061" />
              <rotate angle="1.754906" >
                <axis x="-1.000000" y="0.000000" z="0.000000" />
              </rotate>
            </keyframe>
            <keyframe time="0.333333" >
              <translate x="0.000000" y="0.024206" z="0.109061" />
              <rotate angle="1.754906" >
                <axis x="-1.000000" y="0.000000" z="0.000000" />
              </rotate>
            </keyframe>
            <keyframe time="0.375000" >
              <translate x="0.000000" y="0.030577" z="0.109061" />
              <rotate angle="1.754906" >
                <axis x="-1.000000" y="0.000000" z="0.000000" />
              </rotate>
            </keyframe>
            <keyframe time="0.416667" >
              <translate x="0.000000" y="0.037635" z="0.109061" />
              <rotate angle="1.754906" >
                <axis x="-1.000000" y="0.000000" z="0.000000" />
              </rotate>
            </keyframe>
            <keyframe time="0.458333" >
              <translate x="0.000000" y="0.045345" z="0.109061" />
              <rotate angle="1.754906" >
                <axis x="-1.000000" y="0.000000" z="0.000000" />
              </rotate>
            </keyframe>
            <keyframe time="0.500000" >
              <translate x="0.000000" y="0.053666" z="0.109061" />
              <rotate angle="1.754906" >
                <axis x="-1.000000" y="0.000000" z="0.000000" />
              </rotate>
            </keyframe>
            <keyframe time="0.541667" >
              <translate x="0.000000" y="0.062549" z="0.109061" />
              <rotate angle="1.754906" >
                <axis x="-1.000000" y="0.000000" z="0.000000" />
              </rotate>
            </keyframe>
            <keyframe time="0.583333" >
              <translate x="0.000000" y="0.071937" z="0.109061" />
              <rotate angle="1.754906" >
                <axis x="-1.000000" y="0.000000" z="0.000000" />
              </rotate>
            </keyframe>
            <keyframe time="0.625000" >
              <translate x="0.000000" y="0.081768" z="0.109061" />
              <rotate angle="1.754906" >
                <axis x="-1.000000" y="0.000000" z="0.000000" />
              </rotate>
            </keyframe>
            <keyframe time="0.666667" >
              <translate x="0.000000" y="0.091971" z="0.109061" />
              <rotate angle="1.754906" >
                <axis x="-1.000000" y="0.000000" z="0.000000" />
              </rotate>
            </keyframe>
            <keyframe time="0.708333" >
              <translate x="0.000000" y="0.102469" z="0.109061" />
              <rotate angle="1.754906" >
                <axis x="-1.000000" y="0.000000" z="0.000000" />
              </rotate>
            </keyframe>
            <keyframe time="0.750000" >
              <translate x="0.000000" y="0.113183" z="0.109061" />
              <rotate angle="1.754906" >
                <axis x="-1.000000" y="0.000000" z="0.000000" />
              </rotate>
            </keyframe>
            <keyframe time="0.791667" >
              <translate x="0.000000" y="0.124028" z="0.109061" />
              <rotate angle="1.754906" >
                <axis x="-1.000000" y="0.000000" z="0.000000" />
              </rotate>
            </keyframe>
            <keyframe time="0.833333" >
              <translate x="0.000000" y="0.134916" z="0.109061" />
              <rotate angle="1.754906" >
                <axis x="-1.000000" y="0.000000" z="0.000000" />
              </rotate>
            </keyframe>
            <keyframe time="0.875000" >
              <translate x="0.000000" y="0.145760" z="0.109061" />
              <rotate angle="1.754906" >
                <axis x="-1.000000" y="0.000000" z="0.000000" />
              </rotate>
            </keyframe>
            <keyframe time="0.916667" >
              <translate x="0.000000" y="0.156474" z="0.109061" />
              <rotate angle="1.754906" >
                <axis x="-1.000000" y="0.000000" z="0.000000" />
              </rotate>
            </keyframe>
            <keyframe time="0.958333" >
              <translate x="0.000000" y="0.166973" z="0.109061" />
              <rotate angle="1.754906" >
                <axis x="-1.000000" y="0.000000" z="0.000000" />
              </rotate>
            </keyframe>
            <keyframe time="1.000000" >
              <translate x="0.000000" y="0.177176" z="0.109061" />
              <rotate angle="1.754906" >
                <axis x="-1.000000" y="0.000000" z="0.000000" />
              </rotate>
            </keyframe>
            <keyframe time="1.041667" >
              <translate x="0.000000" y="0.187006" z="0.109061" />
              <rotate angle="1.754906" >
                <axis x="-1.000000" y="0.000000" z="0.000000" />
              </rotate>
            </keyframe>
            <keyframe time="1.083333" >
              <translate x="0.000000" y="0.196395" z="0.109061" />
              <rotate angle="1.754906" >
                <axis x="-1.000000" y="0.000000" z="0.000000" />
              </rotate>
            </keyframe>
            <keyframe time="1.125000" >
              <translate x="0.000000" y="0.205278" z="0.109061" />
              <rotate angle="1.754906" >
                <axis x="-1.000000" y="0.000000" z="0.000000" />
              </rotate>
            </keyframe>
            <keyframe time="1.166667" >
              <translate x="0.000000" y="0.213599" z="0.109061" />
              <rotate angle="1.754906" >
                <axis x="-1.000000" y="0.000000" z="0.000000" />
              </rotate>
            </keyframe>
            <keyframe time="1.208333" >
              <translate x="0.000000" y="0.221309" z="0.109061" />
              <rotate angle="1.754906" >
                <axis x="-1.000000" y="0.000000" z="0.000000" />
              </rotate>
            </keyframe>
            <keyframe time="1.250000" >
              <translate x="0.000000" y="0.228366" z="0.109061" />
              <rotate angle="1.754906" >
                <axis x="-1.000000" y="0.000000" z="0.000000" />
              </rotate>
            </keyframe>
            <keyframe time="1.291667" >
              <translate x="0.000000" y="0.234737" z="0.109061" />
              <rotate angle="1.754906" >
                <axis x="-1.000000" y="0.000000" z="0.000000" />
              </rotate>
            </keyframe>
            <keyframe time="1.333333" >
              <translate x="0.000000" y="0.240394" z="0.109061" />
              <rotate angle="1.754906" >
                <axis x="-1.000000" y="0.000000" z="0.000000" />
              </rotate>
            </keyframe>
            <keyframe time="1.375000" >
              <translate x="0.000000" y="0.245316" z="0.109061" />
              <rotate angle="1.754906" >
                <axis x="-1.000000" y="0.000000" z="0.000000" />
              </rotate>
            </keyframe>
            <keyframe time="1.416667" >
              <translate x="0.000000" y="0.249489" z="0.109061" />
              <rotate angle="1.754906" >
                <axis x="-1.000000" y="0.000000" z="0.000000" />
              </rotate>
            </keyframe>
            <keyframe time="1.458333" >
              <translate x="0.000000" y="0.252904" z="0.109061" />
              <rotate angle="1.754906" >
                <axis x="-1.000000" y="0.000000" z="0.000000" />
              </rotate>
            </keyframe>
            <keyframe time="1.500000" >
              <translate x="0.000000" y="0.255555" z="0.109061" />
              <rotate angle="1.754906" >
                <axis x="-1.000000" y="0.000000" z="0.000000" />
              </rotate>
            </keyframe>
            <keyframe time="1.541667" >
              <translate x="0.000000" y="0.257442" z="0.109061" />
              <rotate angle="1.754906" >
                <axis x="-1.000000" y="0.000000" z="0.000000" />
              </rotate>
            </keyframe>
            <keyframe time="1.583333" >
              <translate x="0.000000" y="0.258570" z="0.109061" />
              <rotate angle="1.754906" >
                <axis x="-1.000000" y="0.000000" z="0.000000" />
              </rotate>
            </keyframe>
            <keyframe time="1.625000" >
              <translate x="0.000000" y="0.258944" z="0.109061" />
              <rotate angle="1.754906" >
                <axis x="-1.000000" y="0.000000" z="0.000000" />
              </rotate>
            </keyframe>
            <keyframe time="1.666667" >
              <translate x="0.000000" y="0.258588" z="0.109061" />
              <rotate angle="1.754906" >
                <axis x="-1.000000" y="0.000000" z="0.000000" />
              </rotate>
            </keyframe>
            <keyframe time="1.708333" >
              <translate x="0.000000" y="0.257517" z="0.109061" />
              <rotate angle="1.754906" >
                <axis x="-1.000000" y="0.000000" z="0.000000" />
              </rotate>
            </keyframe>
            <keyframe time="1.750000" >
              <translate x="0.000000" y="0.255723" z="0.109061" />
              <rotate angle="1.754906" >
                <axis x="-1.000000" y="0.000000" z="0.000000" />
              </rotate>
            </keyframe>
            <keyframe time="1.791667" >
              <translate x="0.000000" y="0.253203" z="0.109061" />
              <rotate angle="1.754906" >
                <axis x="-1.000000" y="0.000000" z="0.000000" />
              </rotate>
            </keyframe>
            <keyframe time="1.833333" >
              <translate x="0.000000" y="0.249958" z="0.109061" />
              <rotate angle="1.754906" >
                <axis x="-1.000000" y="0.000000" z="0.000000" />
              </rotate>
            </keyframe>
            <keyframe time="1.875000" >
              <translate x="0.000000" y="0.245990" z="0.109061" />
              <rotate angle="1.754906" >
                <axis x="-1.000000" y="0.000000" z="0.000000" />
              </rotate>
            </keyframe>
            <keyframe time="1.916667" >
              <translate x="0.000000" y="0.241309" z="0.109061" />
              <rotate angle="1.754906" >
                <axis x="-1.000000" y="0.000000" z="0.000000" />
              </rotate>
            </keyframe>
            <keyframe time="1.958333" >
              <translate x="0.000000" y="0.235926" z="0.109061" />
              <rotate angle="1.754906" >
                <axis x="-1.000000" y="0.000000" z="0.000000" />
              </rotate>
            </keyframe>
            <keyframe time="2.000000" >
              <translate x="0.000000" y="0.229861" z="0.109061" />
              <rotate angle="1.754906" >
                <axis x="-1.000000" y="0.000000" z="0.000000" />
              </rotate>
            </keyframe>
            <keyframe time="2.041667" >
              <translate x="0.000000" y="0.223136" z="0.109061" />
              <rotate angle="1.754906" >
                <axis x="-1.000000" y="0.000000" z="0.000000" />
              </rotate>
            </keyframe>
            <keyframe time="2.083333" >
              <translate x="0.000000" y="0.215782" z="0.109061" />
              <rotate angle="1.754906" >
                <axis x="-1.000000" y="0.000000" z="0.000000" />
              </rotate>
            </keyframe>
            <keyframe time="2.125000" >
              <translate x="0.000000" y="0.207835" z="0.109061" />
              <rotate angle="1.754906" >
                <axis x="-1.000000" y="0.000000" z="0.000000" />
              </rotate>
            </keyframe>
            <keyframe time="2.166667" >
              <translate x="0.000000" y="0.199340" z="0.109061" />
              <rotate angle="1.754906" >
                <axis x="-1.000000" y="0.000000" z="0.000000" />
              </rotate>
            </keyframe>
            <keyframe time="2.208333" >
              <translate x="0.000000" y="0.190346" z="0.109061" />
              <rotate angle="1.754906" >
                <axis x="-1.000000" y="0.000000" z="0.000000" />
              </rotate>
            </keyframe>
            <keyframe time="2.250000" >
              <translate x="0.000000" y="0.180910" z="0.109061" />
              <rotate angle="1.754906" >
                <axis x="-1.000000" y="0.000000" z="0.000000" />
              </rotate>
            </keyframe>
            <keyframe time="2.291667" >
              <translate x="0.000000" y="0.171094" z="0.109061" />
              <rotate angle="1.754906" >
                <axis x="-1.000000" y="0.000000" z="0.000000" />
              </rotate>
            </keyframe>
            <keyframe time="2.333333" >
              <translate x="0.000000" y="0.160967" z="0.109061" />
              <rotate angle="1.754906" >
                <axis x="-1.000000" y="0.000000" z="0.000000" />
              </rotate>
            </keyframe>
            <keyframe time="2.375000" >
              <translate x="0.000000" y="0.150603" z="0.109061" />
              <rotate angle="1.754906" >
                <axis x="-1.000000" y="0.000000" z="0.000000" />
              </rotate>
            </keyframe>
            <keyframe time="2.416667" >
              <translate x="0.000000" y="0.140078" z="0.109061" />
              <rotate angle="1.754906" >
                <axis x="-1.000000" y="0.000000" z="0.000000" />
              </rotate>
            </keyframe>
            <keyframe time="2.458333" >
              <translate x="0.000000" y="0.129472" z="0.109061" />
              <rotate angle="1.754906" >
                <axis x="-1.000000" y="0.000000" z="0.000000" />
              </rotate>
            </keyframe>
            <keyframe time="2.500000" >
              <translate x="0.000000" y="0.118866" z="0.109061" />
              <rotate angle="1.754906" >
                <axis x="-1.000000" y="0.000000" z="0.000000" />
              </rotate>
            </keyframe>
            <keyframe time="2.541667" >
              <translate x="0.000000" y="0.108341" z="0.109061" />
              <rotate angle="1.754906" >
                <axis x="-1.000000" y="0.000000" z="0.000000" />
              </rotate>
            </keyframe>
            <keyframe time="2.583333" >
              <translate x="0.000000" y="0.097976" z="0.109061" />
              <rotate angle="1.754906" >
                <axis x="-1.000000" y="0.000000" z="0.000000" />
              </rotate>
            </keyframe>
            <keyframe time="2.625000" >
              <translate x="0.000000" y="0.087850" z="0.109061" />
              <rotate angle="1.754906" >
                <axis x="-1.000000" y="0.000000" z="0.000000" />
              </rotate>
            </keyframe>
            <keyframe time="2.666667" >
              <translate x="0.000000" y="0.078034" z="0.109061" />
              <rotate angle="1.754906" >
                <axis x="-1.000000" y="0.000000" z="0.000000" />
              </rotate>
            </keyframe>
            <keyframe time="2.708333" >
              <translate x="0.000000" y="0.068597" z="0.109061" />
              <rotate angle="1.754906" >
                <axis x="-1.000000" y="0.000000" z="0.000000" />
              </rotate>
            </keyframe>
            <keyframe time="2.750000" >
              <translate x="0.000000" y="0.059603" z="0.109061" />
              <rotate angle="1.754906" >
                <axis x="-1.000000" y="0.000000" z="0.000000" />
              </rotate>
            </keyframe>
            <keyframe time="2.791667" >
              <translate x="0.000000" y="0.051108" z="0.109061" />
              <rotate angle="1.754906" >
                <axis x="-1.000000" y="0.000000" z="0.000000" />
              </rotate>
            </keyframe>
            <keyframe time="2.833333" >
              <translate x="0.000000" y="0.043162" z="0.109061" />
              <rotate angle="1.754906" >
                <axis x="-1.000000" y="0.000000" z="0.000000" />
              </rotate>
            </keyframe>
            <keyframe time="2.875000" >
              <translate x="0.000000" y="0.035808" z="0.109061" />
              <rotate angle="1.754906" >
                <axis x="-1.000000" y="0.000000" z="0.000000" />
              </rotate>
            </keyframe>
            <keyframe time="2.916667" >
              <translate x="0.000000" y="0.029083" z="0.109061" />
              <rotate angle="1.754906" >
                <axis x="-1.000000" y="0.000000" z="0.000000" />
              </rotate>
            </keyframe>
            <keyframe time="2.958333" >
              <translate x="0.000000" y="0.023017" z="0.109061" />
              <rotate angle="1.754906" >
                <axis x="-1.000000" y="0.000000" z="0.000000" />
              </rotate>
            </keyframe>
            <keyframe time="3.000000" >
              <translate x="0.000000" y="0.017635" z="0.109061" />
              <rotate angle="1.754906" >
                <axis x="-1.000000" y="0.000000" z="0.000000" />
              </rotate>
            </keyframe>
            <keyframe time="3.041667" >
              <translate x="0.000000" y="0.012953" z="0.109061" />
              <rotate angle="1.754906" >
                <axis x="-1.000000" y="0.000000" z="0.000000" />
              </rotate>
            </keyframe>
            <keyframe time="3.083333" >
              <translate x="0.000000" y="0.008986" z="0.109061" />
              <rotate angle="1.754906" >
                <axis x="-1.000000" y="0.000000" z="0.000000" />
              </rotate>
            </keyframe>
            <keyframe time="3.125000" >
              <translate x="0.000000" y="0.005740" z="0.109061" />
              <rotate angle="1.754906" >
                <axis x="-1.000000" y="0.000000" z="0.000000" />
              </rotate>
            </keyframe>
            <keyframe time="3.166667" >
              <translate x="0.000000" y="0.003221" z="0.109061" />
              <rotate angle="1.754906" >
                <axis x="-1.000000" y="0.000000" z="0.000000" />
              </rotate>
            </keyframe>
            <keyframe time="3.208333" >
              <translate x="0.000000" y="0.001427" z="0.109061" />
              <rotate angle="1.754906" >
                <axis x="-1.000000" y="0.000000" z="0.000000" />
              </rotate>
            </keyframe>
            <keyframe time="3.250000" >
              <translate x="0.000000" y="0.000355" z="0.109061" />
              <rotate angle="1.754906" >
                <axis x="-1.000000" y="0.000000" z="0.000000" />
              </rotate>
            </keyframe>
            <keyframe time="3.291667" >
              <translate x="0.000000" y="0.000000" z="0.109061" />
              <rotate angle="1.754906" >
                <axis x="-1.000000" y="0.000000" z="0.000000" />
              </rotate>
            </keyframe>
          </keyframes>
        </track>
      </tracks>
    </animation>
  </animations>
</skeleton>