<?xml version="1.0" encoding="UTF-8"?>
<skeleton >
  <bones >
    <bone id="0" name="Bone" >
      <position x="0.000000" y="0.000000" z="0.000000" />
      <rotation angle="3.141593" >
        <axis x="0.000000" y="1.000000" z="0.000000" />
      </rotation>
    </bone>
  </bones>
  <bonehierarchy />
  <animations >
    <animation length="3.291667" name="Idle" >
      <tracks >
        <track bone="Bone" >
          <keyframes >
            <keyframe time="0.000000" >
              <translate x="0.000000" y="0.000000" z="0.000000" />
              <rotate angle="0.000000" >
                <axis x="0.000000" y="0.000000" z="0.000000" />
              </rotate>
            </keyframe>
            <keyframe time="0.041667" >
              <translate x="-0.002888" y="0.000000" z="0.000000" />
              <rotate angle="0.002584" >
                <axis x="1.031601" y="0.000000" z="0.000000" />
              </rotate>
            </keyframe>
            <keyframe time="0.083333" >
              <translate x="-0.011597" y="0.000000" z="0.000000" />
              <rotate angle="0.010720" >
                <axis x="1.000266" y="0.000000" z="0.000000" />
              </rotate>
            </keyframe>
            <keyframe time="0.125000" >
              <translate x="-0.026176" y="0.000000" z="0.000000" />
              <rotate angle="0.024179" >
                <axis x="1.000412" y="0.000000" z="0.000000" />
              </rotate>
            </keyframe>
            <keyframe time="0.166667" >
              <translate x="-0.046651" y="0.000000" z="0.000000" />
              <rotate angle="0.042947" >
                <axis x="1.000073" y="0.000000" z="0.000000" />
              </rotate>
            </keyframe>
            <keyframe time="0.208333" >
              <translate x="-0.073022" y="0.000000" z="0.000000" />
              <rotate angle="0.066732" >
                <axis x="0.999997" y="0.000000" z="0.000000" />
              </rotate>
            </keyframe>
            <keyframe time="0.250000" >
              <translate x="-0.105252" y="0.000000" z="0.000000" />
              <rotate angle="0.095057" >
                <axis x="1.000010" y="0.000000" z="0.000000" />
              </rotate>
            </keyframe>
            <keyframe time="0.291667" >
              <translate x="-0.143271" y="0.000000" z="0.000000" />
              <rotate angle="0.127239" >
                <axis x="1.000006" y="0.000000" z="0.000000" />
              </rotate>
            </keyframe>
            <keyframe time="0.333333" >
              <translate x="-0.186963" y="0.000000" z="0.000000" />
              <rotate angle="0.162370" >
                <axis x="1.000003" y="0.000000" z="0.000000" />
              </rotate>
            </keyframe>
            <keyframe time="0.375000" >
              <translate x="-0.236170" y="0.000000" z="0.000000" />
              <rotate angle="0.199356" >
                <axis x="1.000000" y="0.000000" z="0.000000" />
              </rotate>
            </keyframe>
            <keyframe time="0.416667" >
              <translate x="-0.290680" y="0.000000" z="0.000000" />
              <rotate angle="0.236976" >
                <axis x="1.000001" y="0.000000" z="0.000000" />
              </rotate>
            </keyframe>
            <keyframe time="0.458333" >
              <translate x="-0.350230" y="0.000000" z="0.000000" />
              <rotate angle="0.273962" >
                <axis x="1.000000" y="0.000000" z="0.000000" />
              </rotate>
            </keyframe>
            <keyframe time="0.500000" >
              <translate x="-0.414498" y="0.000000" z="0.000000" />
              <rotate angle="0.309091" >
                <axis x="1.000004" y="0.000000" z="0.000000" />
              </rotate>
            </keyframe>
            <keyframe time="0.541667" >
              <translate x="-0.483106" y="0.000000" z="0.000000" />
              <rotate angle="0.341274" >
                <axis x="1.000000" y="0.000000" z="0.000000" />
              </rotate>
            </keyframe>
            <keyframe time="0.583333" >
              <translate x="-0.555620" y="0.000000" z="0.000000" />
              <rotate angle="0.369600" >
                <axis x="1.000001" y="0.000000" z="0.000000" />
              </rotate>
            </keyframe>
            <keyframe time="0.625000" >
              <translate x="-0.631550" y="0.000000" z="0.000000" />
              <rotate angle="0.393382" >
                <axis x="1.000000" y="0.000000" z="0.000000" />
              </rotate>
            </keyframe>
            <keyframe time="0.666667" >
              <translate x="-0.710352" y="0.000000" z="0.000000" />
              <rotate angle="0.412143" >
                <axis x="1.000000" y="0.000000" z="0.000000" />
              </rotate>
            </keyframe>
            <keyframe time="0.708333" >
              <translate x="-0.791441" y="0.000000" z="0.000000" />
              <rotate angle="0.425609" >
                <axis x="1.000002" y="0.000000" z="0.000000" />
              </rotate>
            </keyframe>
            <keyframe time="0.750000" >
              <translate x="-0.874192" y="0.000000" z="0.000000" />
              <rotate angle="0.433667" >
                <axis x="1.000000" y="0.000000" z="0.000000" />
              </rotate>
            </keyframe>
            <keyframe time="0.791667" >
              <translate x="-0.957951" y="0.000000" z="0.000000" />
              <rotate angle="0.436332" >
                <axis x="1.000001" y="0.000000" z="0.000000" />
              </rotate>
            </keyframe>
            <keyframe time="0.833333" >
              <translate x="-1.042049" y="0.000000" z="0.000000" />
              <rotate angle="0.435134" >
                <axis x="1.000000" y="0.000000" z="0.000000" />
              </rotate>
            </keyframe>
            <keyframe time="0.875000" >
              <translate x="-1.125808" y="0.000000" z="0.000000" />
              <rotate angle="0.431523" >
                <axis x="1.000001" y="0.000000" z="0.000000" />
              </rotate>
            </keyframe>
            <keyframe time="0.916667" >
              <translate x="-1.208559" y="0.000000" z="0.000000" />
              <rotate angle="0.425477" >
                <axis x="1.000001" y="0.000000" z="0.000000" />
              </rotate>
            </keyframe>
            <keyframe time="0.958333" >
              <translate x="-1.289648" y="0.000000" z="0.000000" />
              <rotate angle="0.416986" >
                <axis x="1.000000" y="0.000000" z="0.000000" />
              </rotate>
            </keyframe>
            <keyframe time="1.000000" >
              <translate x="-1.368450" y="0.000000" z="0.000000" />
              <rotate angle="0.406049" >
                <axis x="1.000000" y="0.000000" z="0.000000" />
              </rotate>
            </keyframe>
            <keyframe time="1.041667" >
              <translate x="-1.444379" y="0.000000" z="0.000000" />
              <rotate angle="0.392679" >
                <axis x="1.000000" y="0.000000" z="0.000000" />
              </rotate>
            </keyframe>
            <keyframe time="1.083333" >
              <translate x="-1.516894" y="0.000000" z="0.000000" />
              <rotate angle="0.376902" >
                <axis x="1.000001" y="0.000000" z="0.000000" />
              </rotate>
            </keyframe>
            <keyframe time="1.125000" >
              <translate x="-1.585503" y="0.000000" z="0.000000" />
              <rotate angle="0.358762" >
                <axis x="1.000000" y="0.000000" z="0.000000" />
              </rotate>
            </keyframe>
            <keyframe time="1.166667" >
              <translate x="-1.649770" y="0.000000" z="0.000000" />
              <rotate angle="0.338320" >
                <axis x="1.000000" y="0.000000" z="0.000000" />
              </rotate>
            </keyframe>
            <keyframe time="1.208333" >
              <translate x="-1.709320" y="0.000000" z="0.000000" />
              <rotate angle="0.315657" >
                <axis x="0.999999" y="0.000000" z="0.000000" />
              </rotate>
            </keyframe>
            <keyframe time="1.250000" >
              <translate x="-1.763830" y="0.000000" z="0.000000" />
              <rotate angle="0.290873" >
                <axis x="1.000001" y="0.000000" z="0.000000" />
              </rotate>
            </keyframe>
            <keyframe time="1.291667" >
              <translate x="-1.813037" y="0.000000" z="0.000000" />
              <rotate angle="0.264093" >
                <axis x="1.000000" y="0.000000" z="0.000000" />
              </rotate>
            </keyframe>
            <keyframe time="1.333333" >
              <translate x="-1.856729" y="0.000000" z="0.000000" />
              <rotate angle="0.235463" >
                <axis x="1.000000" y="0.000000" z="0.000000" />
              </rotate>
            </keyframe>
            <keyframe time="1.375000" >
              <translate x="-1.894748" y="0.000000" z="0.000000" />
              <rotate angle="0.205152" >
                <axis x="1.000002" y="0.000000" z="0.000000" />
              </rotate>
            </keyframe>
            <keyframe time="1.416667" >
              <translate x="-1.926978" y="0.000000" z="0.000000" />
              <rotate angle="0.173351" >
                <axis x="1.000000" y="0.000000" z="0.000000" />
              </rotate>
            </keyframe>
            <keyframe time="1.458333" >
              <translate x="-1.953349" y="0.000000" z="0.000000" />
              <rotate angle="0.140270" >
                <axis x="1.000005" y="0.000000" z="0.000000" />
              </rotate>
            </keyframe>
            <keyframe time="1.500000" >
              <translate x="-1.973825" y="0.000000" z="0.000000" />
              <rotate angle="0.106141" >
                <axis x="1.000013" y="0.000000" z="0.000000" />
              </rotate>
            </keyframe>
            <keyframe time="1.541667" >
              <translate x="-1.988404" y="0.000000" z="0.000000" />
              <rotate angle="0.071213" >
                <axis x="1.000019" y="0.000000" z="0.000000" />
              </rotate>
            </keyframe>
            <keyframe time="1.583333" >
              <translate x="-1.997112" y="0.000000" z="0.000000" />
              <rotate angle="0.035742" >
                <axis x="1.000044" y="0.000000" z="0.000000" />
              </rotate>
            </keyframe>
            <keyframe time="1.625000" >
              <translate x="-2.000000" y="0.000000" z="0.000000" />
              <rotate angle="0.000000" >
                <axis x="0.000000" y="0.000000" z="0.000000" />
              </rotate>
            </keyframe>
            <keyframe time="1.666667" >
              <translate x="-1.997255" y="0.000000" z="0.000000" />
              <rotate angle="0.035742" >
                <axis x="-1.000044" y="0.000000" z="0.000000" />
              </rotate>
            </keyframe>
            <keyframe time="1.708333" >
              <translate x="-1.988978" y="0.000000" z="0.000000" />
              <rotate angle="0.071213" >
                <axis x="-1.000019" y="0.000000" z="0.000000" />
              </rotate>
            </keyframe>
            <keyframe time="1.750000" >
              <translate x="-1.975122" y="0.000000" z="0.000000" />
              <rotate angle="0.106141" >
                <axis x="-1.000013" y="0.000000" z="0.000000" />
              </rotate>
            </keyframe>
            <keyframe time="1.791667" >
              <translate x="-1.955662" y="0.000000" z="0.000000" />
              <rotate angle="0.140270" >
                <axis x="-1.000005" y="0.000000" z="0.000000" />
              </rotate>
            </keyframe>
            <keyframe time="1.833333" >
              <translate x="-1.930596" y="0.000000" z="0.000000" />
              <rotate angle="0.173351" >
                <axis x="-1.000000" y="0.000000" z="0.000000" />
              </rotate>
            </keyframe>
            <keyframe time="1.875000" >
              <translate x="-1.899954" y="0.000000" z="0.000000" />
              <rotate angle="0.205152" >
                <axis x="-1.000002" y="0.000000" z="0.000000" />
              </rotate>
            </keyframe>
            <keyframe time="1.916667" >
              <translate x="-1.863796" y="0.000000" z="0.000000" />
              <rotate angle="0.235463" >
                <axis x="-1.000001" y="0.000000" z="0.000000" />
              </rotate>
            </keyframe>
            <keyframe time="1.958333" >
              <translate x="-1.822222" y="0.000000" z="0.000000" />
              <rotate angle="0.264093" >
                <axis x="-1.000000" y="0.000000" z="0.000000" />
              </rotate>
            </keyframe>
            <keyframe time="2.000000" >
              <translate x="-1.775372" y="0.000000" z="0.000000" />
              <rotate angle="0.290873" >
                <axis x="-1.000001" y="0.000000" z="0.000000" />
              </rotate>
            </keyframe>
            <keyframe time="2.041667" >
              <translate x="-1.723431" y="0.000000" z="0.000000" />
              <rotate angle="0.315657" >
                <axis x="-0.999999" y="0.000000" z="0.000000" />
              </rotate>
            </keyframe>
            <keyframe time="2.083333" >
              <translate x="-1.666632" y="0.000000" z="0.000000" />
              <rotate angle="0.338320" >
                <axis x="-1.000000" y="0.000000" z="0.000000" />
              </rotate>
            </keyframe>
            <keyframe time="2.125000" >
              <translate x="-1.605257" y="0.000000" z="0.000000" />
              <rotate angle="0.358762" >
                <axis x="-1.000000" y="0.000000" z="0.000000" />
              </rotate>
            </keyframe>
            <keyframe time="2.166667" >
              <translate x="-1.539642" y="0.000000" z="0.000000" />
              <rotate angle="0.376902" >
                <axis x="-1.000001" y="0.000000" z="0.000000" />
              </rotate>
            </keyframe>
            <keyframe time="2.208333" >
              <translate x="-1.470174" y="0.000000" z="0.000000" />
              <rotate angle="0.392679" >
                <axis x="-1.000001" y="0.000000" z="0.000000" />
              </rotate>
            </keyframe>
            <keyframe time="2.250000" >
              <translate x="-1.397291" y="0.000000" z="0.000000" />
              <rotate angle="0.406049" >
                <axis x="-1.000000" y="0.000000" z="0.000000" />
              </rotate>
            </keyframe>
            <keyframe time="2.291667" >
              <translate x="-1.321477" y="0.000000" z="0.000000" />
              <rotate angle="0.416986" >
                <axis x="-1.000000" y="0.000000" z="0.000000" />
              </rotate>
            </keyframe>
            <keyframe time="2.333333" >
              <translate x="-1.243261" y="0.000000" z="0.000000" />
              <rotate angle="0.425477" >
                <axis x="-1.000001" y="0.000000" z="0.000000" />
              </rotate>
            </keyframe>
            <keyframe time="2.375000" >
              <translate x="-1.163210" y="0.000000" z="0.000000" />
              <rotate angle="0.431523" >
                <axis x="-1.000000" y="0.000000" z="0.000000" />
              </rotate>
            </keyframe>
            <keyframe time="2.416667" >
              <translate x="-1.081918" y="0.000000" z="0.000000" />
              <rotate angle="0.435134" >
                <axis x="-1.000000" y="0.000000" z="0.000000" />
              </rotate>
            </keyframe>
            <keyframe time="2.458333" >
              <translate x="-1.000000" y="0.000000" z="0.000000" />
              <rotate angle="0.436332" >
                <axis x="-1.000001" y="0.000000" z="0.000000" />
              </rotate>
            </keyframe>
            <keyframe time="2.500000" >
              <translate x="-0.918082" y="0.000000" z="0.000000" />
              <rotate angle="0.433928" >
                <axis x="-1.000000" y="0.000000" z="0.000000" />
              </rotate>
            </keyframe>
            <keyframe time="2.541667" >
              <translate x="-0.836790" y="0.000000" z="0.000000" />
              <rotate angle="0.426659" >
                <axis x="-1.000000" y="0.000000" z="0.000000" />
              </rotate>
            </keyframe>
            <keyframe time="2.583333" >
              <translate x="-0.756738" y="0.000000" z="0.000000" />
              <rotate angle="0.414506" >
                <axis x="-1.000000" y="0.000000" z="0.000000" />
              </rotate>
            </keyframe>
            <keyframe time="2.625000" >
              <translate x="-0.678523" y="0.000000" z="0.000000" />
              <rotate angle="0.397547" >
                <axis x="-1.000000" y="0.000000" z="0.000000" />
              </rotate>
            </keyframe>
            <keyframe time="2.666667" >
              <translate x="-0.602709" y="0.000000" z="0.000000" />
              <rotate angle="0.375994" >
                <axis x="-1.000001" y="0.000000" z="0.000000" />
              </rotate>
            </keyframe>
            <keyframe time="2.708333" >
              <translate x="-0.529826" y="0.000000" z="0.000000" />
              <rotate angle="0.350213" >
                <axis x="-1.000000" y="0.000000" z="0.000000" />
              </rotate>
            </keyframe>
            <keyframe time="2.750000" >
              <translate x="-0.460358" y="0.000000" z="0.000000" />
              <rotate angle="0.320742" >
                <axis x="-1.000002" y="0.000000" z="0.000000" />
              </rotate>
            </keyframe>
            <keyframe time="2.791667" >
              <translate x="-0.394743" y="0.000000" z="0.000000" />
              <rotate angle="0.288301" >
                <axis x="-1.000003" y="0.000000" z="0.000000" />
              </rotate>
            </keyframe>
            <keyframe time="2.833333" >
              <translate x="-0.333368" y="0.000000" z="0.000000" />
              <rotate angle="0.253773" >
                <axis x="-1.000000" y="0.000000" z="0.000000" />
              </rotate>
            </keyframe>
            <keyframe time="2.875000" >
              <translate x="-0.276569" y="0.000000" z="0.000000" />
              <rotate angle="0.218166" >
                <axis x="-1.000000" y="0.000000" z="0.000000" />
              </rotate>
            </keyframe>
            <keyframe time="2.916667" >
              <translate x="-0.224628" y="0.000000" z="0.000000" />
              <rotate angle="0.182559" >
                <axis x="-1.000001" y="0.000000" z="0.000000" />
              </rotate>
            </keyframe>
            <keyframe time="2.958333" >
              <translate x="-0.177778" y="0.000000" z="0.000000" />
              <rotate angle="0.148031" >
                <axis x="-1.000002" y="0.000000" z="0.000000" />
              </rotate>
            </keyframe>
            <keyframe time="3.000000" >
              <translate x="-0.136204" y="0.000000" z="0.000000" />
              <rotate angle="0.115589" >
                <axis x="-1.000007" y="0.000000" z="0.000000" />
              </rotate>
            </keyframe>
            <keyframe time="3.041667" >
              <translate x="-0.100046" y="0.000000" z="0.000000" />
              <rotate angle="0.086119" >
                <axis x="-1.000009" y="0.000000" z="0.000000" />
              </rotate>
            </keyframe>
            <keyframe time="3.083333" >
              <translate x="-0.069404" y="0.000000" z="0.000000" />
              <rotate angle="0.060332" >
                <axis x="-1.000096" y="0.000000" z="0.000000" />
              </rotate>
            </keyframe>
            <keyframe time="3.125000" >
              <translate x="-0.044338" y="0.000000" z="0.000000" />
              <rotate angle="0.038781" >
                <axis x="-1.000096" y="0.000000" z="0.000000" />
              </rotate>
            </keyframe>
            <keyframe time="3.166667" >
              <translate x="-0.024878" y="0.000000" z="0.000000" />
              <rotate angle="0.021826" >
                <axis x="-1.000041" y="0.000000" z="0.000000" />
              </rotate>
            </keyframe>
            <keyframe time="3.208333" >
              <translate x="-0.011022" y="0.000000" z="0.000000" />
              <rotate angle="0.009667" >
                <axis x="-1.000589" y="0.000000" z="0.000000" />
              </rotate>
            </keyframe>
            <keyframe time="3.250000" >
              <translate x="-0.002745" y="0.000000" z="0.000000" />
              <rotate angle="0.002392" >
                <axis x="-1.005272" y="0.000000" z="0.000000" />
              </rotate>
            </keyframe>
            <keyframe time="3.291667" >
              <translate x="0.000000" y="0.000000" z="0.000000" />
              <rotate angle="0.000000" >
                <axis x="0.000000" y="0.000000" z="0.000000" />
              </rotate>
            </keyframe>
          </keyframes>
        </track>
      </tracks>
    </animation>
  </animations>
</skeleton>