<?xml version="1.0" encoding="UTF-8"?>
<skeleton >
  <bones >
    <bone id="0" name="Bone" >
      <position x="0.002156" y="0.036204" z="-0.299519" />
      <rotation angle="1.570797" >
        <axis x="1.000000" y="-0.000000" z="-0.000000" />
      </rotation>
    </bone>
    <bone id="1" name="2" >
      <position x="-0.002156" y="0.299519" z="-0.387848" />
      <rotation angle="1.570797" >
        <axis x="-1.000000" y="0.000000" z="0.000000" />
      </rotation>
    </bone>
  </bones>
  <bonehierarchy >
    <boneparent bone="2" parent="Bone" />
  </bonehierarchy>
  <animations >
    <animation length="3.160000" name="Idle" >
      <tracks >
        <track bone="2" >
          <keyframes >
            <keyframe time="0.000000" >
              <translate x="0.000000" y="0.000000" z="0.151458" />
            </keyframe>
            <keyframe time="0.040000" >
              <translate x="0.000000" y="0.000000" z="0.151023" />
            </keyframe>
            <keyframe time="0.080000" >
              <translate x="0.000000" y="0.000000" z="0.149711" />
            </keyframe>
            <keyframe time="0.120000" >
              <translate x="0.000000" y="0.000000" z="0.147513" />
            </keyframe>
            <keyframe time="0.160000" >
              <translate x="0.000000" y="0.000000" z="0.144427" />
            </keyframe>
            <keyframe time="0.200000" >
              <translate x="0.000000" y="0.000000" z="0.140452" />
            </keyframe>
            <keyframe time="0.240000" >
              <translate x="0.000000" y="0.000000" z="0.135594" />
            </keyframe>
            <keyframe time="0.280000" >
              <translate x="0.000000" y="0.000000" z="0.129863" />
            </keyframe>
            <keyframe time="0.320000" >
              <translate x="0.000000" y="0.000000" z="0.123278" />
            </keyframe>
            <keyframe time="0.360000" >
              <translate x="0.000000" y="0.000000" z="0.115861" />
            </keyframe>
            <keyframe time="0.400000" >
              <translate x="0.000000" y="0.000000" z="0.107644" />
            </keyframe>
            <keyframe time="0.440000" >
              <translate x="0.000000" y="0.000000" z="0.098669" />
            </keyframe>
            <keyframe time="0.480000" >
              <translate x="0.000000" y="0.000000" z="0.088982" />
            </keyframe>
            <keyframe time="0.520000" >
              <translate x="0.000000" y="0.000000" z="0.078640" />
            </keyframe>
            <keyframe time="0.560000" >
              <translate x="0.000000" y="0.000000" z="0.067710" />
            </keyframe>
            <keyframe time="0.600000" >
              <translate x="0.000000" y="0.000000" z="0.056265" />
            </keyframe>
            <keyframe time="0.640000" >
              <translate x="0.000000" y="0.000000" z="0.044388" />
            </keyframe>
            <keyframe time="0.680000" >
              <translate x="0.000000" y="0.000000" z="0.032165" />
            </keyframe>
            <keyframe time="0.720000" >
              <translate x="0.000000" y="0.000000" z="0.019692" />
            </keyframe>
            <keyframe time="0.760000" >
              <translate x="0.000000" y="0.000000" z="0.007067" />
            </keyframe>
            <keyframe time="0.800000" >
              <translate x="-0.000000" y="0.000000" z="-0.005609" />
            </keyframe>
            <keyframe time="0.840000" >
              <translate x="-0.000000" y="0.000000" z="-0.018234" />
            </keyframe>
            <keyframe time="0.880000" >
              <translate x="-0.000000" y="0.000000" z="-0.030707" />
            </keyframe>
            <keyframe time="0.920000" >
              <translate x="-0.000000" y="0.000000" z="-0.042929" />
            </keyframe>
            <keyframe time="0.960000" >
              <translate x="-0.000000" y="0.000000" z="-0.054807" />
            </keyframe>
            <keyframe time="1.000000" >
              <translate x="-0.000000" y="0.000000" z="-0.066252" />
            </keyframe>
            <keyframe time="1.040000" >
              <translate x="-0.000000" y="0.000000" z="-0.077182" />
            </keyframe>
            <keyframe time="1.080000" >
              <translate x="-0.000000" y="0.000000" z="-0.087523" />
            </keyframe>
            <keyframe time="1.120000" >
              <translate x="-0.000000" y="0.000000" z="-0.097210" />
            </keyframe>
            <keyframe time="1.160000" >
              <translate x="-0.000000" y="0.000000" z="-0.106186" />
            </keyframe>
            <keyframe time="1.200000" >
              <translate x="-0.000000" y="0.000000" z="-0.114402" />
            </keyframe>
            <keyframe time="1.240000" >
              <translate x="-0.000000" y="0.000000" z="-0.121819" />
            </keyframe>
            <keyframe time="1.280000" >
              <translate x="-0.000000" y="0.000000" z="-0.128405" />
            </keyframe>
            <keyframe time="1.320000" >
              <translate x="-0.000000" y="0.000000" z="-0.134135" />
            </keyframe>
            <keyframe time="1.360000" >
              <translate x="-0.000000" y="0.000000" z="-0.138994" />
            </keyframe>
            <keyframe time="1.400000" >
              <translate x="-0.000000" y="0.000000" z="-0.142968" />
            </keyframe>
            <keyframe time="1.440000" >
              <translate x="-0.000000" y="0.000000" z="-0.146055" />
            </keyframe>
            <keyframe time="1.480000" >
              <translate x="-0.000000" y="0.000000" z="-0.148252" />
            </keyframe>
            <keyframe time="1.520000" >
              <translate x="-0.000000" y="0.000000" z="-0.149565" />
            </keyframe>
            <keyframe time="1.560000" >
              <translate x="-0.000000" y="0.000000" z="-0.150000" />
            </keyframe>
            <keyframe time="1.600000" >
              <translate x="-0.000000" y="0.000000" z="-0.149586" />
            </keyframe>
            <keyframe time="1.640000" >
              <translate x="-0.000000" y="0.000000" z="-0.148339" />
            </keyframe>
            <keyframe time="1.680000" >
              <translate x="-0.000000" y="0.000000" z="-0.146250" />
            </keyframe>
            <keyframe time="1.720000" >
              <translate x="-0.000000" y="0.000000" z="-0.143317" />
            </keyframe>
            <keyframe time="1.760000" >
              <translate x="-0.000000" y="0.000000" z="-0.139539" />
            </keyframe>
            <keyframe time="1.800000" >
              <translate x="-0.000000" y="0.000000" z="-0.134920" />
            </keyframe>
            <keyframe time="1.840000" >
              <translate x="-0.000000" y="0.000000" z="-0.129470" />
            </keyframe>
            <keyframe time="1.880000" >
              <translate x="-0.000000" y="0.000000" z="-0.123204" />
            </keyframe>
            <keyframe time="1.920000" >
              <translate x="-0.000000" y="0.000000" z="-0.116142" />
            </keyframe>
            <keyframe time="1.960000" >
              <translate x="-0.000000" y="0.000000" z="-0.108313" />
            </keyframe>
            <keyframe time="2.000000" >
              <translate x="-0.000000" y="0.000000" z="-0.099752" />
            </keyframe>
            <keyframe time="2.040000" >
              <translate x="-0.000000" y="0.000000" z="-0.090501" />
            </keyframe>
            <keyframe time="2.080000" >
              <translate x="-0.000000" y="0.000000" z="-0.080611" />
            </keyframe>
            <keyframe time="2.120000" >
              <translate x="-0.000000" y="0.000000" z="-0.070140" />
            </keyframe>
            <keyframe time="2.160000" >
              <translate x="-0.000000" y="0.000000" z="-0.059154" />
            </keyframe>
            <keyframe time="2.200000" >
              <translate x="-0.000000" y="0.000000" z="-0.047727" />
            </keyframe>
            <keyframe time="2.240000" >
              <translate x="-0.000000" y="0.000000" z="-0.035937" />
            </keyframe>
            <keyframe time="2.280000" >
              <translate x="-0.000000" y="0.000000" z="-0.023871" />
            </keyframe>
            <keyframe time="2.320000" >
              <translate x="-0.000000" y="0.000000" z="-0.011618" />
            </keyframe>
            <keyframe time="2.360000" >
              <translate x="0.000000" y="0.000000" z="0.000729" />
            </keyframe>
            <keyframe time="2.400000" >
              <translate x="0.000000" y="0.000000" z="0.013077" />
            </keyframe>
            <keyframe time="2.440000" >
              <translate x="0.000000" y="0.000000" z="0.025330" />
            </keyframe>
            <keyframe time="2.480000" >
              <translate x="0.000000" y="0.000000" z="0.037396" />
            </keyframe>
            <keyframe time="2.520000" >
              <translate x="0.000000" y="0.000000" z="0.049185" />
            </keyframe>
            <keyframe time="2.560000" >
              <translate x="0.000000" y="0.000000" z="0.060613" />
            </keyframe>
            <keyframe time="2.600000" >
              <translate x="0.000000" y="0.000000" z="0.071598" />
            </keyframe>
            <keyframe time="2.640000" >
              <translate x="0.000000" y="0.000000" z="0.082069" />
            </keyframe>
            <keyframe time="2.680000" >
              <translate x="0.000000" y="0.000000" z="0.091959" />
            </keyframe>
            <keyframe time="2.720000" >
              <translate x="0.000000" y="0.000000" z="0.101210" />
            </keyframe>
            <keyframe time="2.760000" >
              <translate x="0.000000" y="0.000000" z="0.109772" />
            </keyframe>
            <keyframe time="2.800000" >
              <translate x="0.000000" y="0.000000" z="0.117601" />
            </keyframe>
            <keyframe time="2.840000" >
              <translate x="0.000000" y="0.000000" z="0.124662" />
            </keyframe>
            <keyframe time="2.880000" >
              <translate x="0.000000" y="0.000000" z="0.130929" />
            </keyframe>
            <keyframe time="2.920000" >
              <translate x="0.000000" y="0.000000" z="0.136379" />
            </keyframe>
            <keyframe time="2.960000" >
              <translate x="0.000000" y="0.000000" z="0.140997" />
            </keyframe>
            <keyframe time="3.000000" >
              <translate x="0.000000" y="0.000000" z="0.144775" />
            </keyframe>
            <keyframe time="3.040000" >
              <translate x="0.000000" y="0.000000" z="0.147709" />
            </keyframe>
            <keyframe time="3.080000" >
              <translate x="0.000000" y="0.000000" z="0.149797" />
            </keyframe>
            <keyframe time="3.120000" >
              <translate x="0.000000" y="0.000000" z="0.151045" />
            </keyframe>
            <keyframe time="3.160000" >
              <translate x="0.000000" y="0.000000" z="0.151458" />
            </keyframe>
          </keyframes>
        </track>
      </tracks>
    </animation>
  </animations>
</skeleton>