<?xml version="1.0" encoding="UTF-8"?>
<skeleton >
  <bones >
    <bone id="0" name="Bone" >
      <position x="0.000000" y="-0.421521" z="-0.075676" />
      <rotation angle="0.000000" >
        <axis x="1.000000" y="0.000000" z="0.000000" />
      </rotation>
    </bone>
  </bones>
  <bonehierarchy />
  <animations >
    <animation length="2.633333" name="Idle" >
      <tracks >
        <track bone="Bone" >
          <keyframes >
            <keyframe time="0.000000" >
              <rotate angle="1.395419" >
                <axis x="-0.891325" y="-0.247435" z="-0.379890" />
              </rotate>
            </keyframe>
            <keyframe time="0.033333" >
              <rotate angle="1.394529" >
                <axis x="-0.891900" y="-0.246308" z="-0.379272" />
              </rotate>
            </keyframe>
            <keyframe time="0.066667" >
              <rotate angle="1.391857" >
                <axis x="-0.893628" y="-0.242898" z="-0.377399" />
              </rotate>
            </keyframe>
            <keyframe time="0.100000" >
              <rotate angle="1.387424" >
                <axis x="-0.896496" y="-0.237156" z="-0.374235" />
              </rotate>
            </keyframe>
            <keyframe time="0.133333" >
              <rotate angle="1.381284" >
                <axis x="-0.900472" y="-0.229019" z="-0.369731" />
              </rotate>
            </keyframe>
            <keyframe time="0.166667" >
              <rotate angle="1.373525" >
                <axis x="-0.905498" y="-0.218416" z="-0.363824" />
              </rotate>
            </keyframe>
            <keyframe time="0.200000" >
              <rotate angle="1.364274" >
                <axis x="-0.911489" y="-0.205270" z="-0.356443" />
              </rotate>
            </keyframe>
            <keyframe time="0.233333" >
              <rotate angle="1.353696" >
                <axis x="-0.918329" y="-0.189502" z="-0.347507" />
              </rotate>
            </keyframe>
            <keyframe time="0.266667" >
              <rotate angle="1.342000" >
                <axis x="-0.925864" y="-0.171038" z="-0.336929" />
              </rotate>
            </keyframe>
            <keyframe time="0.300000" >
              <rotate angle="1.329431" >
                <axis x="-0.933903" y="-0.149817" z="-0.324622" />
              </rotate>
            </keyframe>
            <keyframe time="0.333333" >
              <rotate angle="1.316275" >
                <axis x="-0.942211" y="-0.125800" z="-0.310504" />
              </rotate>
            </keyframe>
            <keyframe time="0.366667" >
              <rotate angle="1.302855" >
                <axis x="-0.950509" y="-0.098983" z="-0.294506" />
              </rotate>
            </keyframe>
            <keyframe time="0.400000" >
              <rotate angle="1.289522" >
                <axis x="-0.958480" y="-0.069411" z="-0.276581" />
              </rotate>
            </keyframe>
            <keyframe time="0.433333" >
              <rotate angle="1.276647" >
                <axis x="-0.965772" y="-0.037188" z="-0.256714" />
              </rotate>
            </keyframe>
            <keyframe time="0.466667" >
              <rotate angle="1.264613" >
                <axis x="-0.972008" y="-0.002493" z="-0.234936" />
              </rotate>
            </keyframe>
            <keyframe time="0.500000" >
              <rotate angle="1.253795" >
                <axis x="-0.976808" y="0.034411" z="-0.211332" />
              </rotate>
            </keyframe>
            <keyframe time="0.533333" >
              <rotate angle="1.244548" >
                <axis x="-0.979812" y="0.073173" z="-0.186050" />
              </rotate>
            </keyframe>
            <keyframe time="0.566667" >
              <rotate angle="1.237186" >
                <axis x="-0.980700" y="0.113356" z="-0.159307" />
              </rotate>
            </keyframe>
            <keyframe time="0.600000" >
              <rotate angle="1.231965" >
                <axis x="-0.979226" y="0.154449" z="-0.131386" />
              </rotate>
            </keyframe>
            <keyframe time="0.633333" >
              <rotate angle="1.229069" >
                <axis x="-0.975241" y="0.195891" z="-0.102629" />
              </rotate>
            </keyframe>
            <keyframe time="0.666667" >
              <rotate angle="1.228596" >
                <axis x="-0.968709" y="0.237092" z="-0.073422" />
              </rotate>
            </keyframe>
            <keyframe time="0.700000" >
              <rotate angle="1.230553" >
                <axis x="-0.959717" y="0.277475" z="-0.044174" />
              </rotate>
            </keyframe>
            <keyframe time="0.733333" >
              <rotate angle="1.234854" >
                <axis x="-0.948469" y="0.316500" z="-0.015295" />
              </rotate>
            </keyframe>
            <keyframe time="0.766667" >
              <rotate angle="1.241328" >
                <axis x="-0.935271" y="0.353700" z="0.012827" />
              </rotate>
            </keyframe>
            <keyframe time="0.800000" >
              <rotate angle="1.249728" >
                <axis x="-0.920505" y="0.388694" z="0.039846" />
              </rotate>
            </keyframe>
            <keyframe time="0.833333" >
              <rotate angle="1.259749" >
                <axis x="-0.904602" y="0.421200" z="0.065469" />
              </rotate>
            </keyframe>
            <keyframe time="0.866667" >
              <rotate angle="1.271043" >
                <axis x="-0.888009" y="0.451038" z="0.089467" />
              </rotate>
            </keyframe>
            <keyframe time="0.900000" >
              <rotate angle="1.283236" >
                <axis x="-0.871167" y="0.478117" z="0.111675" />
              </rotate>
            </keyframe>
            <keyframe time="0.933333" >
              <rotate angle="1.295951" >
                <axis x="-0.854488" y="0.502425" z="0.131984" />
              </rotate>
            </keyframe>
            <keyframe time="0.966667" >
              <rotate angle="1.308815" >
                <axis x="-0.838338" y="0.524011" z="0.150341" />
              </rotate>
            </keyframe>
            <keyframe time="1.000000" >
              <rotate angle="1.321477" >
                <axis x="-0.823035" y="0.542968" z="0.166730" />
              </rotate>
            </keyframe>
            <keyframe time="1.033333" >
              <rotate angle="1.333613" >
                <axis x="-0.808845" y="0.559417" z="0.181170" />
              </rotate>
            </keyframe>
            <keyframe time="1.066667" >
              <rotate angle="1.344936" >
                <axis x="-0.795980" y="0.573494" z="0.193701" />
              </rotate>
            </keyframe>
            <keyframe time="1.100000" >
              <rotate angle="1.355196" >
                <axis x="-0.784606" y="0.585340" z="0.204377" />
              </rotate>
            </keyframe>
            <keyframe time="1.133333" >
              <rotate angle="1.364184" >
                <axis x="-0.774846" y="0.595091" z="0.213260" />
              </rotate>
            </keyframe>
            <keyframe time="1.166667" >
              <rotate angle="1.371732" >
                <axis x="-0.766789" y="0.602870" z="0.220412" />
              </rotate>
            </keyframe>
            <keyframe time="1.200000" >
              <rotate angle="1.377711" >
                <axis x="-0.760492" y="0.608788" z="0.225894" />
              </rotate>
            </keyframe>
            <keyframe time="1.233333" >
              <rotate angle="1.382030" >
                <axis x="-0.755989" y="0.612937" z="0.229758" />
              </rotate>
            </keyframe>
            <keyframe time="1.266667" >
              <rotate angle="1.384634" >
                <axis x="-0.753291" y="0.615390" z="0.232051" />
              </rotate>
            </keyframe>
            <keyframe time="1.300000" >
              <rotate angle="1.385502" >
                <axis x="-0.752395" y="0.616199" z="0.232809" />
              </rotate>
            </keyframe>
            <keyframe time="1.333333" >
              <rotate angle="1.384677" >
                <axis x="-0.753247" y="0.615430" z="0.232088" />
              </rotate>
            </keyframe>
            <keyframe time="1.366667" >
              <rotate angle="1.382201" >
                <axis x="-0.755811" y="0.613100" z="0.229909" />
              </rotate>
            </keyframe>
            <keyframe time="1.400000" >
              <rotate angle="1.378093" >
                <axis x="-0.760092" y="0.609160" z="0.226239" />
              </rotate>
            </keyframe>
            <keyframe time="1.433333" >
              <rotate angle="1.372402" >
                <axis x="-0.766080" y="0.603544" z="0.221035" />
              </rotate>
            </keyframe>
            <keyframe time="1.466667" >
              <rotate angle="1.365209" >
                <axis x="-0.773745" y="0.596169" z="0.214248" />
              </rotate>
            </keyframe>
            <keyframe time="1.500000" >
              <rotate angle="1.356630" >
                <axis x="-0.783037" y="0.586933" z="0.205822" />
              </rotate>
            </keyframe>
            <keyframe time="1.533333" >
              <rotate angle="1.346815" >
                <axis x="-0.793878" y="0.575724" z="0.195701" />
              </rotate>
            </keyframe>
            <keyframe time="1.566667" >
              <rotate angle="1.335951" >
                <axis x="-0.806160" y="0.562417" z="0.183827" />
              </rotate>
            </keyframe>
            <keyframe time="1.600000" >
              <rotate angle="1.324264" >
                <axis x="-0.819737" y="0.546883" z="0.170147" />
              </rotate>
            </keyframe>
            <keyframe time="1.633333" >
              <rotate angle="1.312012" >
                <axis x="-0.834422" y="0.528993" z="0.154622" />
              </rotate>
            </keyframe>
            <keyframe time="1.666667" >
              <rotate angle="1.299489" >
                <axis x="-0.849979" y="0.508630" z="0.137228" />
              </rotate>
            </keyframe>
            <keyframe time="1.700000" >
              <rotate angle="1.287013" >
                <axis x="-0.866129" y="0.485700" z="0.117970" />
              </rotate>
            </keyframe>
            <keyframe time="1.733333" >
              <rotate angle="1.274925" >
                <axis x="-0.882542" y="0.460143" z="0.096887" />
              </rotate>
            </keyframe>
            <keyframe time="1.766667" >
              <rotate angle="1.263576" >
                <axis x="-0.898850" y="0.431953" z="0.074063" />
              </rotate>
            </keyframe>
            <keyframe time="1.800000" >
              <rotate angle="1.253314" >
                <axis x="-0.914651" y="0.401187" z="0.049632" />
              </rotate>
            </keyframe>
            <keyframe time="1.833333" >
              <rotate angle="1.244473" >
                <axis x="-0.929530" y="0.367980" z="0.023785" />
              </rotate>
            </keyframe>
            <keyframe time="1.866667" >
              <rotate angle="1.237353" >
                <axis x="-0.943078" y="0.332558" z="-0.003229" />
              </rotate>
            </keyframe>
            <keyframe time="1.900000" >
              <rotate angle="1.232206" >
                <axis x="-0.954919" y="0.295234" z="-0.031109" />
              </rotate>
            </keyframe>
            <keyframe time="1.933333" >
              <rotate angle="1.229226" >
                <axis x="-0.964734" y="0.256410" z="-0.059509" />
              </rotate>
            </keyframe>
            <keyframe time="1.966667" >
              <rotate angle="1.228527" >
                <axis x="-0.972291" y="0.216558" z="-0.088056" />
              </rotate>
            </keyframe>
            <keyframe time="2.000000" >
              <rotate angle="1.230147" >
                <axis x="-0.977452" y="0.176200" z="-0.116369" />
              </rotate>
            </keyframe>
            <keyframe time="2.033333" >
              <rotate angle="1.234036" >
                <axis x="-0.980193" y="0.135880" z="-0.144075" />
              </rotate>
            </keyframe>
            <keyframe time="2.066667" >
              <rotate angle="1.240066" >
                <axis x="-0.980599" y="0.096136" z="-0.170834" />
              </rotate>
            </keyframe>
            <keyframe time="2.100000" >
              <rotate angle="1.248037" >
                <axis x="-0.978848" y="0.057471" z="-0.196351" />
              </rotate>
            </keyframe>
            <keyframe time="2.133333" >
              <rotate angle="1.257686" >
                <axis x="-0.975200" y="0.020334" z="-0.220389" />
              </rotate>
            </keyframe>
            <keyframe time="2.166667" >
              <rotate angle="1.268705" >
                <axis x="-0.969969" y="-0.014903" z="-0.242772" />
              </rotate>
            </keyframe>
            <keyframe time="2.200000" >
              <rotate angle="1.280758" >
                <axis x="-0.963499" y="-0.047942" z="-0.263383" />
              </rotate>
            </keyframe>
            <keyframe time="2.233333" >
              <rotate angle="1.293491" >
                <axis x="-0.956144" y="-0.078567" z="-0.282163" />
              </rotate>
            </keyframe>
            <keyframe time="2.266667" >
              <rotate angle="1.306552" >
                <axis x="-0.948246" y="-0.106636" z="-0.299097" />
              </rotate>
            </keyframe>
            <keyframe time="2.300000" >
              <rotate angle="1.319602" >
                <axis x="-0.940123" y="-0.132067" z="-0.314208" />
              </rotate>
            </keyframe>
            <keyframe time="2.333333" >
              <rotate angle="1.332321" >
                <axis x="-0.932062" y="-0.154835" z="-0.327546" />
              </rotate>
            </keyframe>
            <keyframe time="2.366667" >
              <rotate angle="1.344417" >
                <axis x="-0.924310" y="-0.174950" z="-0.339180" />
              </rotate>
            </keyframe>
            <keyframe time="2.400000" >
              <rotate angle="1.355635" >
                <axis x="-0.917077" y="-0.192454" z="-0.349187" />
              </rotate>
            </keyframe>
            <keyframe time="2.433333" >
              <rotate angle="1.365750" >
                <axis x="-0.910533" y="-0.207407" z="-0.357648" />
              </rotate>
            </keyframe>
            <keyframe time="2.466667" >
              <rotate angle="1.374579" >
                <axis x="-0.904815" y="-0.219879" z="-0.364642" />
              </rotate>
            </keyframe>
            <keyframe time="2.500000" >
              <rotate angle="1.381972" >
                <axis x="-0.900026" y="-0.229943" z="-0.370244" />
              </rotate>
            </keyframe>
            <keyframe time="2.533333" >
              <rotate angle="1.387817" >
                <axis x="-0.896242" y="-0.237669" z="-0.374519" />
              </rotate>
            </keyframe>
            <keyframe time="2.566667" >
              <rotate angle="1.392033" >
                <axis x="-0.893514" y="-0.243123" z="-0.377523" />
              </rotate>
            </keyframe>
            <keyframe time="2.600000" >
              <rotate angle="1.394573" >
                <axis x="-0.891872" y="-0.246363" z="-0.379302" />
              </rotate>
            </keyframe>
            <keyframe time="2.633333" >
              <rotate angle="1.395419" >
                <axis x="-0.891325" y="-0.247435" z="-0.379890" />
              </rotate>
            </keyframe>
          </keyframes>
        </track>
      </tracks>
    </animation>
  </animations>
</skeleton>