<?xml version="1.0" encoding="UTF-8"?>
<skeleton >
  <bones >
    <bone id="0" name="Bone" >
      <position x="0.000000" y="0.000000" z="0.000000" />
      <rotation angle="0.000000" >
        <axis x="1.000000" y="0.000000" z="0.000000" />
      </rotation>
    </bone>
  </bones>
  <bonehierarchy />
  <animations >
    <animation length="2.633333" name="Idle" >
      <tracks >
        <track bone="Bone" >
          <keyframes >
            <keyframe time="0.000000" >
              <translate x="0.000000" y="0.000000" z="0.000000" />
              <rotate angle="0.000000" >
                <axis x="0.000000" y="0.000000" z="0.000000" />
              </rotate>
            </keyframe>
            <keyframe time="0.033333" >
              <translate x="0.000000" y="0.001444" z="0.000000" />
              <rotate angle="0.000977" >
                <axis x="0.000000" y="0.000000" z="0.000533" />
              </rotate>
            </keyframe>
            <keyframe time="0.066667" >
              <translate x="0.000000" y="0.005798" z="0.000000" />
              <rotate angle="0.004312" >
                <axis x="0.000000" y="0.000000" z="0.994609" />
              </rotate>
            </keyframe>
            <keyframe time="0.100000" >
              <translate x="0.000000" y="0.013088" z="0.000000" />
              <rotate angle="0.009667" >
                <axis x="0.000000" y="0.000000" z="1.000826" />
              </rotate>
            </keyframe>
            <keyframe time="0.133333" >
              <translate x="0.000000" y="0.023326" z="0.000000" />
              <rotate angle="0.017180" >
                <axis x="0.000000" y="0.000000" z="0.999992" />
              </rotate>
            </keyframe>
            <keyframe time="0.166667" >
              <translate x="0.000000" y="0.036511" z="0.000000" />
              <rotate angle="0.026691" >
                <axis x="0.000000" y="0.000000" z="1.000062" />
              </rotate>
            </keyframe>
            <keyframe time="0.200000" >
              <translate x="0.000000" y="0.052626" z="0.000000" />
              <rotate angle="0.038024" >
                <axis x="0.000000" y="0.000000" z="0.999983" />
              </rotate>
            </keyframe>
            <keyframe time="0.233333" >
              <translate x="0.000000" y="0.071635" z="0.000000" />
              <rotate angle="0.050895" >
                <axis x="0.000000" y="0.000000" z="1.000015" />
              </rotate>
            </keyframe>
            <keyframe time="0.266667" >
              <translate x="0.000000" y="0.093482" z="0.000000" />
              <rotate angle="0.064946" >
                <axis x="0.000000" y="0.000000" z="1.000033" />
              </rotate>
            </keyframe>
            <keyframe time="0.300000" >
              <translate x="0.000000" y="0.118085" z="0.000000" />
              <rotate angle="0.079740" >
                <axis x="0.000000" y="0.000000" z="1.000029" />
              </rotate>
            </keyframe>
            <keyframe time="0.333333" >
              <translate x="0.000000" y="0.145340" z="0.000000" />
              <rotate angle="0.094791" >
                <axis x="0.000000" y="0.000000" z="0.999995" />
              </rotate>
            </keyframe>
            <keyframe time="0.366667" >
              <translate x="0.000000" y="0.175115" z="0.000000" />
              <rotate angle="0.109585" >
                <axis x="0.000000" y="0.000000" z="1.000000" />
              </rotate>
            </keyframe>
            <keyframe time="0.400000" >
              <translate x="0.000000" y="0.207249" z="0.000000" />
              <rotate angle="0.123637" >
                <axis x="0.000000" y="0.000000" z="1.000001" />
              </rotate>
            </keyframe>
            <keyframe time="0.433333" >
              <translate x="0.000000" y="0.241553" z="0.000000" />
              <rotate angle="0.136510" >
                <axis x="0.000000" y="0.000000" z="1.000001" />
              </rotate>
            </keyframe>
            <keyframe time="0.466667" >
              <translate x="0.000000" y="0.277810" z="0.000000" />
              <rotate angle="0.147840" >
                <axis x="0.000000" y="0.000000" z="1.000001" />
              </rotate>
            </keyframe>
            <keyframe time="0.500000" >
              <translate x="0.000000" y="0.315775" z="0.000000" />
              <rotate angle="0.157352" >
                <axis x="0.000000" y="0.000000" z="1.000004" />
              </rotate>
            </keyframe>
            <keyframe time="0.533333" >
              <translate x="0.000000" y="0.355176" z="0.000000" />
              <rotate angle="0.164857" >
                <axis x="0.000000" y="0.000000" z="1.000001" />
              </rotate>
            </keyframe>
            <keyframe time="0.566667" >
              <translate x="0.000000" y="0.395721" z="0.000000" />
              <rotate angle="0.170244" >
                <axis x="0.000000" y="0.000000" z="1.000000" />
              </rotate>
            </keyframe>
            <keyframe time="0.600000" >
              <translate x="0.000000" y="0.437096" z="0.000000" />
              <rotate angle="0.173465" >
                <axis x="0.000000" y="0.000000" z="1.000010" />
              </rotate>
            </keyframe>
            <keyframe time="0.633333" >
              <translate x="0.000000" y="0.478976" z="0.000000" />
              <rotate angle="0.174532" >
                <axis x="0.000000" y="0.000000" z="1.000003" />
              </rotate>
            </keyframe>
            <keyframe time="0.666667" >
              <translate x="0.000000" y="0.521024" z="0.000000" />
              <rotate angle="0.174053" >
                <axis x="0.000000" y="0.000000" z="1.000004" />
              </rotate>
            </keyframe>
            <keyframe time="0.700000" >
              <translate x="0.000000" y="0.562904" z="0.000000" />
              <rotate angle="0.172607" >
                <axis x="0.000000" y="0.000000" z="1.000013" />
              </rotate>
            </keyframe>
            <keyframe time="0.733333" >
              <translate x="0.000000" y="0.604279" z="0.000000" />
              <rotate angle="0.170191" >
                <axis x="0.000000" y="0.000000" z="1.000002" />
              </rotate>
            </keyframe>
            <keyframe time="0.766667" >
              <translate x="0.000000" y="0.644824" z="0.000000" />
              <rotate angle="0.166793" >
                <axis x="0.000000" y="0.000000" z="1.000007" />
              </rotate>
            </keyframe>
            <keyframe time="0.800000" >
              <translate x="0.000000" y="0.684225" z="0.000000" />
              <rotate angle="0.162419" >
                <axis x="0.000000" y="0.000000" z="1.000007" />
              </rotate>
            </keyframe>
            <keyframe time="0.833333" >
              <translate x="0.000000" y="0.722190" z="0.000000" />
              <rotate angle="0.157071" >
                <axis x="0.000000" y="0.000000" z="1.000002" />
              </rotate>
            </keyframe>
            <keyframe time="0.866667" >
              <translate x="0.000000" y="0.758447" z="0.000000" />
              <rotate angle="0.150760" >
                <axis x="0.000000" y="0.000000" z="1.000003" />
              </rotate>
            </keyframe>
            <keyframe time="0.900000" >
              <translate x="0.000000" y="0.792751" z="0.000000" />
              <rotate angle="0.143502" >
                <axis x="0.000000" y="0.000000" z="1.000017" />
              </rotate>
            </keyframe>
            <keyframe time="0.933333" >
              <translate x="0.000000" y="0.824885" z="0.000000" />
              <rotate angle="0.135326" >
                <axis x="0.000000" y="0.000000" z="1.000011" />
              </rotate>
            </keyframe>
            <keyframe time="0.966667" >
              <translate x="0.000000" y="0.854660" z="0.000000" />
              <rotate angle="0.126262" >
                <axis x="0.000000" y="0.000000" z="1.000003" />
              </rotate>
            </keyframe>
            <keyframe time="1.000000" >
              <translate x="0.000000" y="0.881915" z="0.000000" />
              <rotate angle="0.116348" >
                <axis x="0.000000" y="0.000000" z="1.000007" />
              </rotate>
            </keyframe>
            <keyframe time="1.033333" >
              <translate x="0.000000" y="0.906518" z="0.000000" />
              <rotate angle="0.105637" >
                <axis x="0.000000" y="0.000000" z="1.000003" />
              </rotate>
            </keyframe>
            <keyframe time="1.066667" >
              <translate x="0.000000" y="0.928365" z="0.000000" />
              <rotate angle="0.094185" >
                <axis x="0.000000" y="0.000000" z="1.000004" />
              </rotate>
            </keyframe>
            <keyframe time="1.100000" >
              <translate x="0.000000" y="0.947374" z="0.000000" />
              <rotate angle="0.082060" >
                <axis x="0.000000" y="0.000000" z="1.000008" />
              </rotate>
            </keyframe>
            <keyframe time="1.133333" >
              <translate x="0.000000" y="0.963489" z="0.000000" />
              <rotate angle="0.069339" >
                <axis x="0.000000" y="0.000000" z="1.000013" />
              </rotate>
            </keyframe>
            <keyframe time="1.166667" >
              <translate x="0.000000" y="0.976674" z="0.000000" />
              <rotate angle="0.056110" >
                <axis x="0.000000" y="0.000000" z="0.999977" />
              </rotate>
            </keyframe>
            <keyframe time="1.200000" >
              <translate x="0.000000" y="0.986912" z="0.000000" />
              <rotate angle="0.042456" >
                <axis x="0.000000" y="0.000000" z="1.000027" />
              </rotate>
            </keyframe>
            <keyframe time="1.233333" >
              <translate x="0.000000" y="0.994202" z="0.000000" />
              <rotate angle="0.028488" >
                <axis x="0.000000" y="0.000000" z="0.999899" />
              </rotate>
            </keyframe>
            <keyframe time="1.266667" >
              <translate x="0.000000" y="0.998556" z="0.000000" />
              <rotate angle="0.014286" >
                <axis x="0.000000" y="0.000000" z="1.000802" />
              </rotate>
            </keyframe>
            <keyframe time="1.300000" >
              <translate x="0.000000" y="1.000000" z="0.000000" />
              <rotate angle="0.000000" >
                <axis x="0.000000" y="0.000000" z="0.000000" />
              </rotate>
            </keyframe>
            <keyframe time="1.333333" >
              <translate x="0.000000" y="0.998627" z="0.000000" />
              <rotate angle="0.014286" >
                <axis x="0.000000" y="0.000000" z="-1.000803" />
              </rotate>
            </keyframe>
            <keyframe time="1.366667" >
              <translate x="0.000000" y="0.994489" z="0.000000" />
              <rotate angle="0.028488" >
                <axis x="0.000000" y="0.000000" z="-0.999900" />
              </rotate>
            </keyframe>
            <keyframe time="1.400000" >
              <translate x="0.000000" y="0.987561" z="0.000000" />
              <rotate angle="0.042456" >
                <axis x="0.000000" y="0.000000" z="-1.000027" />
              </rotate>
            </keyframe>
            <keyframe time="1.433333" >
              <translate x="0.000000" y="0.977831" z="0.000000" />
              <rotate angle="0.056110" >
                <axis x="0.000000" y="0.000000" z="-0.999977" />
              </rotate>
            </keyframe>
            <keyframe time="1.466667" >
              <translate x="0.000000" y="0.965298" z="0.000000" />
              <rotate angle="0.069339" >
                <axis x="0.000000" y="0.000000" z="-1.000013" />
              </rotate>
            </keyframe>
            <keyframe time="1.500000" >
              <translate x="0.000000" y="0.949977" z="0.000000" />
              <rotate angle="0.082060" >
                <axis x="0.000000" y="0.000000" z="-1.000008" />
              </rotate>
            </keyframe>
            <keyframe time="1.533333" >
              <translate x="0.000000" y="0.931898" z="0.000000" />
              <rotate angle="0.094185" >
                <axis x="0.000000" y="0.000000" z="-1.000004" />
              </rotate>
            </keyframe>
            <keyframe time="1.566667" >
              <translate x="0.000000" y="0.911111" z="0.000000" />
              <rotate angle="0.105637" >
                <axis x="0.000000" y="0.000000" z="-1.000004" />
              </rotate>
            </keyframe>
            <keyframe time="1.600000" >
              <translate x="0.000000" y="0.887686" z="0.000000" />
              <rotate angle="0.116348" >
                <axis x="0.000000" y="0.000000" z="-1.000008" />
              </rotate>
            </keyframe>
            <keyframe time="1.633333" >
              <translate x="0.000000" y="0.861716" z="0.000000" />
              <rotate angle="0.126262" >
                <axis x="0.000000" y="0.000000" z="-1.000003" />
              </rotate>
            </keyframe>
            <keyframe time="1.666667" >
              <translate x="0.000000" y="0.833316" z="0.000000" />
              <rotate angle="0.135326" >
                <axis x="0.000000" y="0.000000" z="-1.000012" />
              </rotate>
            </keyframe>
            <keyframe time="1.700000" >
              <translate x="0.000000" y="0.802628" z="0.000000" />
              <rotate angle="0.143502" >
                <axis x="0.000000" y="0.000000" z="-1.000017" />
              </rotate>
            </keyframe>
            <keyframe time="1.733333" >
              <translate x="0.000000" y="0.769821" z="0.000000" />
              <rotate angle="0.150760" >
                <axis x="0.000000" y="0.000000" z="-1.000003" />
              </rotate>
            </keyframe>
            <keyframe time="1.766667" >
              <translate x="0.000000" y="0.735087" z="0.000000" />
              <rotate angle="0.157071" >
                <axis x="0.000000" y="0.000000" z="-1.000002" />
              </rotate>
            </keyframe>
            <keyframe time="1.800000" >
              <translate x="0.000000" y="0.698645" z="0.000000" />
              <rotate angle="0.162419" >
                <axis x="0.000000" y="0.000000" z="-1.000007" />
              </rotate>
            </keyframe>
            <keyframe time="1.833333" >
              <translate x="0.000000" y="0.660738" z="0.000000" />
              <rotate angle="0.166793" >
                <axis x="0.000000" y="0.000000" z="-1.000007" />
              </rotate>
            </keyframe>
            <keyframe time="1.866667" >
              <translate x="0.000000" y="0.621631" z="0.000000" />
              <rotate angle="0.170191" >
                <axis x="0.000000" y="0.000000" z="-1.000002" />
              </rotate>
            </keyframe>
            <keyframe time="1.900000" >
              <translate x="0.000000" y="0.581605" z="0.000000" />
              <rotate angle="0.172607" >
                <axis x="0.000000" y="0.000000" z="-1.000013" />
              </rotate>
            </keyframe>
            <keyframe time="1.933333" >
              <translate x="0.000000" y="0.540959" z="0.000000" />
              <rotate angle="0.174053" >
                <axis x="0.000000" y="0.000000" z="-1.000004" />
              </rotate>
            </keyframe>
            <keyframe time="1.966667" >
              <translate x="0.000000" y="0.500000" z="0.000000" />
              <rotate angle="0.174532" >
                <axis x="0.000000" y="0.000000" z="-1.000003" />
              </rotate>
            </keyframe>
            <keyframe time="2.000000" >
              <translate x="0.000000" y="0.459041" z="0.000000" />
              <rotate angle="0.173571" >
                <axis x="0.000000" y="0.000000" z="-1.000001" />
              </rotate>
            </keyframe>
            <keyframe time="2.033333" >
              <translate x="0.000000" y="0.418395" z="0.000000" />
              <rotate angle="0.170664" >
                <axis x="0.000000" y="0.000000" z="-0.999998" />
              </rotate>
            </keyframe>
            <keyframe time="2.066667" >
              <translate x="0.000000" y="0.378369" z="0.000000" />
              <rotate angle="0.165802" >
                <axis x="0.000000" y="0.000000" z="-1.000004" />
              </rotate>
            </keyframe>
            <keyframe time="2.100000" >
              <translate x="0.000000" y="0.339262" z="0.000000" />
              <rotate angle="0.159019" >
                <axis x="0.000000" y="0.000000" z="-0.999998" />
              </rotate>
            </keyframe>
            <keyframe time="2.133333" >
              <translate x="0.000000" y="0.301355" z="0.000000" />
              <rotate angle="0.150398" >
                <axis x="0.000000" y="0.000000" z="-1.000001" />
              </rotate>
            </keyframe>
            <keyframe time="2.166667" >
              <translate x="0.000000" y="0.264913" z="0.000000" />
              <rotate angle="0.140085" >
                <axis x="0.000000" y="0.000000" z="-1.000004" />
              </rotate>
            </keyframe>
            <keyframe time="2.200000" >
              <translate x="0.000000" y="0.230179" z="0.000000" />
              <rotate angle="0.128296" >
                <axis x="0.000000" y="0.000000" z="-1.000007" />
              </rotate>
            </keyframe>
            <keyframe time="2.233333" >
              <translate x="0.000000" y="0.197371" z="0.000000" />
              <rotate angle="0.115321" >
                <axis x="0.000000" y="0.000000" z="-0.999999" />
              </rotate>
            </keyframe>
            <keyframe time="2.266667" >
              <translate x="0.000000" y="0.166684" z="0.000000" />
              <rotate angle="0.101510" >
                <axis x="0.000000" y="0.000000" z="-0.999992" />
              </rotate>
            </keyframe>
            <keyframe time="2.300000" >
              <translate x="0.000000" y="0.138284" z="0.000000" />
              <rotate angle="0.087266" >
                <axis x="0.000000" y="0.000000" z="-1.000006" />
              </rotate>
            </keyframe>
            <keyframe time="2.333333" >
              <translate x="0.000000" y="0.112314" z="0.000000" />
              <rotate angle="0.073025" >
                <axis x="0.000000" y="0.000000" z="-0.999988" />
              </rotate>
            </keyframe>
            <keyframe time="2.366667" >
              <translate x="0.000000" y="0.088889" z="0.000000" />
              <rotate angle="0.059207" >
                <axis x="0.000000" y="0.000000" z="-1.000088" />
              </rotate>
            </keyframe>
            <keyframe time="2.400000" >
              <translate x="0.000000" y="0.068102" z="0.000000" />
              <rotate angle="0.046236" >
                <axis x="0.000000" y="0.000000" z="-1.000003" />
              </rotate>
            </keyframe>
            <keyframe time="2.433333" >
              <translate x="0.000000" y="0.050023" z="0.000000" />
              <rotate angle="0.034444" >
                <axis x="0.000000" y="0.000000" z="-1.000106" />
              </rotate>
            </keyframe>
            <keyframe time="2.466667" >
              <translate x="0.000000" y="0.034702" z="0.000000" />
              <rotate angle="0.024139" >
                <axis x="0.000000" y="0.000000" z="-0.999833" />
              </rotate>
            </keyframe>
            <keyframe time="2.500000" >
              <translate x="0.000000" y="0.022169" z="0.000000" />
              <rotate angle="0.015518" >
                <axis x="0.000000" y="0.000000" z="-0.999754" />
              </rotate>
            </keyframe>
            <keyframe time="2.533333" >
              <translate x="0.000000" y="0.012439" z="0.000000" />
              <rotate angle="0.008735" >
                <axis x="0.000000" y="0.000000" z="-0.999547" />
              </rotate>
            </keyframe>
            <keyframe time="2.566667" >
              <translate x="0.000000" y="0.005511" z="0.000000" />
              <rotate angle="0.003845" >
                <axis x="0.000000" y="0.000000" z="-1.006374" />
              </rotate>
            </keyframe>
            <keyframe time="2.600000" >
              <translate x="0.000000" y="0.001373" z="0.000000" />
              <rotate angle="0.000977" >
                <axis x="0.000000" y="0.000000" z="-0.000481" />
              </rotate>
            </keyframe>
            <keyframe time="2.633333" >
              <translate x="0.000000" y="0.000000" z="0.000000" />
              <rotate angle="0.000000" >
                <axis x="0.000000" y="0.000000" z="0.000000" />
              </rotate>
            </keyframe>
          </keyframes>
        </track>
      </tracks>
    </animation>
  </animations>
</skeleton>