<?xml version="1.0" encoding="UTF-8"?>
<mesh>
    <sharedgeometry vertexcount="12">
        <vertexbuffer colours_diffuse="False" normals="true" positions="true" texture_coords="1">
            <vertex>
                <position x="-1.000000" y="-1.000000" z="1.000000"/>
                <normal x="-0.577350" y="-0.577350" z="0.577350"/>
                <texcoord u="0.000000" v="1.000000"/>
            </vertex>
            <vertex>
                <position x="-1.000000" y="1.000000" z="1.000000"/>
                <normal x="-0.577350" y="0.577350" z="0.577350"/>
                <texcoord u="0.000000" v="1.000000"/>
            </vertex>
            <vertex>
                <position x="-1.000000" y="1.000000" z="-1.000000"/>
                <normal x="-0.577350" y="0.577350" z="-0.577350"/>
                <texcoord u="0.000000" v="1.000000"/>
            </vertex>
            <vertex>
                <position x="-1.000000" y="-1.000000" z="-1.000000"/>
                <normal x="-0.577350" y="-0.577350" z="-0.577350"/>
                <texcoord u="0.000000" v="1.000000"/>
            </vertex>
            <vertex>
                <position x="1.000000" y="1.000000" z="-1.000000"/>
                <normal x="0.577350" y="0.577350" z="-0.577350"/>
                <texcoord u="0.000000" v="1.000000"/>
            </vertex>
            <vertex>
                <position x="1.000000" y="-1.000000" z="-1.000000"/>
                <normal x="0.577350" y="-0.577350" z="-0.577350"/>
                <texcoord u="0.000000" v="1.000000"/>
            </vertex>
            <vertex>
                <position x="1.000000" y="1.000000" z="1.000000"/>
                <normal x="0.577350" y="0.577350" z="0.577350"/>
                <texcoord u="0.000000" v="1.000000"/>
            </vertex>
            <vertex>
                <position x="1.000000" y="-1.000000" z="1.000000"/>
                <normal x="0.577350" y="-0.577350" z="0.577350"/>
                <texcoord u="0.000000" v="1.000000"/>
            </vertex>
            <vertex>
                <position x="1.000000" y="1.000000" z="-1.000000"/>
                <normal x="0.577350" y="0.577350" z="-0.577350"/>
                <texcoord u="0.997815" v="-0.015572"/>
            </vertex>
            <vertex>
                <position x="-1.000000" y="1.000000" z="-1.000000"/>
                <normal x="-0.577350" y="0.577350" z="-0.577350"/>
                <texcoord u="0.000053" v="0.000053"/>
            </vertex>
            <vertex>
                <position x="-1.000000" y="1.000000" z="1.000000"/>
                <normal x="-0.577350" y="0.577350" z="0.577350"/>
                <texcoord u="0.000053" v="0.999947"/>
            </vertex>
            <vertex>
                <position x="1.000000" y="1.000000" z="1.000000"/>
                <normal x="0.577350" y="0.577350" z="0.577350"/>
                <texcoord u="0.997815" v="0.984322"/>
            </vertex>
        </vertexbuffer>
    </sharedgeometry>
    <submeshes>
        <submesh material="Material.011" operationtype="triangle_list" use32bitindexes="False" usesharedvertices="true">
            <faces count="10">
                <face v1="0" v2="1" v3="2"/>
                <face v1="0" v2="2" v3="3"/>
                <face v1="3" v2="2" v3="4"/>
                <face v1="3" v2="4" v3="5"/>
                <face v1="5" v2="4" v3="6"/>
                <face v1="5" v2="6" v3="7"/>
                <face v1="1" v2="0" v3="7"/>
                <face v1="1" v2="7" v3="6"/>
                <face v1="7" v2="0" v3="3"/>
                <face v1="7" v2="3" v3="5"/>
            </faces>
        </submesh>
        <submesh material="Material.012" operationtype="triangle_list" use32bitindexes="False" usesharedvertices="true">
            <faces count="2">
                <face v1="8" v2="9" v3="10"/>
                <face v1="8" v2="10" v3="11"/>
            </faces>
        </submesh>
    </submeshes>
    <submeshnames>
        <submesh index="0" name="Material.011"/>
        <submesh index="1" name="Material.012"/>
    </submeshnames>
</mesh>
