<?xml version="1.0" encoding="UTF-8"?>
<skeleton >
  <bones >
    <bone id="0" name="Bone" >
      <position x="0.000000" y="-20.755119" z="57.914635" />
      <rotation angle="1.570796" >
        <axis x="1.000000" y="0.000000" z="0.000000" />
      </rotation>
    </bone>
    <bone id="1" name="Bone.001" >
      <position x="37.817295" y="93.065804" z="-16.978342" />
      <rotation angle="1.005660" >
        <axis x="-0.250731" y="0.758214" z="-0.601868" />
      </rotation>
    </bone>
    <bone id="2" name="Bone.004" >
      <position x="-0.000007" y="29.585459" z="-0.000006" />
      <rotation angle="1.303406" >
        <axis x="0.753171" y="-0.655911" z="0.050141" />
      </rotation>
    </bone>
    <bone id="3" name="Bone.002" >
      <position x="0.000004" y="17.182863" z="0.000003" />
      <rotation angle="1.885274" >
        <axis x="-0.010194" y="-0.997392" z="0.071455" />
      </rotation>
    </bone>
    <bone id="4" name="Bone.003" >
      <position x="-0.000007" y="20.111607" z="0.000001" />
      <rotation angle="0.382626" >
        <axis x="-0.401135" y="-0.578423" z="-0.710296" />
      </rotation>
    </bone>
    <bone id="5" name="Bone.009" >
      <position x="-35.355278" y="94.083214" z="-16.978359" />
      <rotation angle="1.285282" >
        <axis x="-0.571021" y="0.791326" z="0.218490" />
      </rotation>
    </bone>
    <bone id="6" name="Bone.010" >
      <position x="-0.000000" y="29.585453" z="-0.000010" />
      <rotation angle="2.194301" >
        <axis x="0.514216" y="-0.857503" z="0.016432" />
      </rotation>
    </bone>
    <bone id="7" name="Bone.011" >
      <position x="0.000005" y="17.182861" z="0.000005" />
      <rotation angle="1.765239" >
        <axis x="0.029494" y="-0.997138" z="0.069619" />
      </rotation>
    </bone>
    <bone id="8" name="Bone.012" >
      <position x="0.000007" y="20.111631" z="0.000002" />
      <rotation angle="0.603158" >
        <axis x="-0.475385" y="-0.852818" z="-0.216131" />
      </rotation>
    </bone>
    <bone id="9" name="Bone.017" >
      <position x="37.670925" y="44.864075" z="-72.254265" />
      <rotation angle="2.350145" >
        <axis x="-0.073238" y="0.748789" z="-0.658749" />
      </rotation>
    </bone>
    <bone id="10" name="Bone.018" >
      <position x="0.000002" y="12.394212" z="0.000006" />
      <rotation angle="0.432678" >
        <axis x="-0.321994" y="0.058462" z="0.944936" />
      </rotation>
    </bone>
    <bone id="11" name="Bone.019" >
      <position x="-0.000006" y="20.347723" z="-0.000006" />
      <rotation angle="2.082133" >
        <axis x="-0.353685" y="0.877751" z="0.323204" />
      </rotation>
    </bone>
    <bone id="12" name="Bone.020" >
      <position x="-0.000010" y="30.585922" z="-0.000001" />
      <rotation angle="0.708401" >
        <axis x="-0.957760" y="0.132023" z="-0.255474" />
      </rotation>
    </bone>
    <bone id="13" name="Bone.021" >
      <position x="-36.841709" y="46.120773" z="-72.713715" />
      <rotation angle="2.803093" >
        <axis x="-0.352970" y="0.821428" z="-0.447960" />
      </rotation>
    </bone>
    <bone id="14" name="Bone.022" >
      <position x="0.000007" y="12.732325" z="0.000004" />
      <rotation angle="0.377816" >
        <axis x="-0.767483" y="-0.640666" z="-0.022766" />
      </rotation>
    </bone>
    <bone id="15" name="Bone.023" >
      <position x="-0.000002" y="19.605124" z="0.000008" />
      <rotation angle="0.843969" >
        <axis x="-0.971474" y="0.227051" z="-0.068448" />
      </rotation>
    </bone>
    <bone id="16" name="Bone.024" >
      <position x="0.000011" y="32.838242" z="0.000004" />
      <rotation angle="1.580563" >
        <axis x="-0.625652" y="-0.749998" z="0.214622" />
      </rotation>
    </bone>
    <bone id="17" name="Bone.005" >
      <position x="-76.149780" y="26.297209" z="-12.173333" />
      <rotation angle="2.758526" >
        <axis x="-0.675494" y="0.714192" z="-0.183403" />
      </rotation>
    </bone>
    <bone id="18" name="Bone.006" >
      <position x="-0.000006" y="24.825029" z="0.000002" />
      <rotation angle="0.671919" >
        <axis x="-0.987042" y="-0.129944" z="-0.094144" />
      </rotation>
    </bone>
    <bone id="19" name="Bone.007" >
      <position x="0.000001" y="21.404488" z="0.000002" />
      <rotation angle="1.532400" >
        <axis x="-0.142862" y="-0.975282" z="0.168568" />
      </rotation>
    </bone>
    <bone id="20" name="Bone.008" >
      <position x="0.000001" y="19.581041" z="-0.000005" />
      <rotation angle="0.286678" >
        <axis x="0.061615" y="0.010008" z="0.998050" />
      </rotation>
    </bone>
    <bone id="21" name="Bone.013" >
      <position x="74.999565" y="26.915617" z="-12.173297" />
      <rotation angle="1.691575" >
        <axis x="-0.254329" y="0.240549" z="-0.936725" />
      </rotation>
    </bone>
    <bone id="22" name="Bone.014" >
      <position x="-0.000004" y="24.825035" z="-0.000003" />
      <rotation angle="0.671918" >
        <axis x="0.987042" y="-0.129944" z="0.094145" />
      </rotation>
    </bone>
    <bone id="23" name="Bone.015" >
      <position x="0.000003" y="21.404486" z="-0.000001" />
      <rotation angle="1.532400" >
        <axis x="0.142862" y="-0.975282" z="-0.168568" />
      </rotation>
    </bone>
    <bone id="24" name="Bone.016" >
      <position x="0.000006" y="19.581039" z="0.000006" />
      <rotation angle="0.286678" >
        <axis x="-0.061615" y="0.010007" z="-0.998049" />
      </rotation>
    </bone>
  </bones>
  <bonehierarchy >
    <boneparent bone="Bone.001" parent="Bone" />
    <boneparent bone="Bone.004" parent="Bone.001" />
    <boneparent bone="Bone.002" parent="Bone.004" />
    <boneparent bone="Bone.003" parent="Bone.002" />
    <boneparent bone="Bone.009" parent="Bone" />
    <boneparent bone="Bone.010" parent="Bone.009" />
    <boneparent bone="Bone.011" parent="Bone.010" />
    <boneparent bone="Bone.012" parent="Bone.011" />
    <boneparent bone="Bone.017" parent="Bone" />
    <boneparent bone="Bone.018" parent="Bone.017" />
    <boneparent bone="Bone.019" parent="Bone.018" />
    <boneparent bone="Bone.020" parent="Bone.019" />
    <boneparent bone="Bone.021" parent="Bone" />
    <boneparent bone="Bone.022" parent="Bone.021" />
    <boneparent bone="Bone.023" parent="Bone.022" />
    <boneparent bone="Bone.024" parent="Bone.023" />
    <boneparent bone="Bone.005" parent="Bone" />
    <boneparent bone="Bone.006" parent="Bone.005" />
    <boneparent bone="Bone.007" parent="Bone.006" />
    <boneparent bone="Bone.008" parent="Bone.007" />
    <boneparent bone="Bone.013" parent="Bone" />
    <boneparent bone="Bone.014" parent="Bone.013" />
    <boneparent bone="Bone.015" parent="Bone.014" />
    <boneparent bone="Bone.016" parent="Bone.015" />
  </bonehierarchy>
  <animations >
    <animation length="0.041667" name="Walk" >
      <tracks >
        <track bone="Bone.001" >
          <keyframes >
            <keyframe time="0.000000" >
              <rotate angle="0.551450" >
                <axis x="0.684006" y="0.426102" z="0.592092" />
              </rotate>
            </keyframe>
            <keyframe time="0.041667" >
              <rotate angle="0.551450" >
                <axis x="0.684006" y="0.426102" z="0.592092" />
              </rotate>
            </keyframe>
          </keyframes>
        </track>
        <track bone="Bone.009" >
          <keyframes >
            <keyframe time="0.000000" >
              <rotate angle="1.042573" >
                <axis x="-0.405723" y="0.890693" z="0.205073" />
              </rotate>
            </keyframe>
            <keyframe time="0.041667" >
              <rotate angle="1.042573" >
                <axis x="-0.405723" y="0.890693" z="0.205073" />
              </rotate>
            </keyframe>
          </keyframes>
        </track>
        <track bone="Bone.011" >
          <keyframes >
            <keyframe time="0.000000" >
              <rotate angle="1.093219" >
                <axis x="-0.247503" y="-0.966448" z="0.068707" />
              </rotate>
            </keyframe>
            <keyframe time="0.041667" >
              <rotate angle="1.093219" >
                <axis x="-0.247503" y="-0.966448" z="0.068707" />
              </rotate>
            </keyframe>
          </keyframes>
        </track>
        <track bone="Bone.019" >
          <keyframes >
            <keyframe time="0.000000" >
              <rotate angle="1.709767" >
                <axis x="0.560243" y="-0.816586" z="0.138978" />
              </rotate>
            </keyframe>
            <keyframe time="0.041667" >
              <rotate angle="1.709767" >
                <axis x="0.560243" y="-0.816586" z="0.138978" />
              </rotate>
            </keyframe>
          </keyframes>
        </track>
        <track bone="Bone.023" >
          <keyframes >
            <keyframe time="0.000000" >
              <rotate angle="1.330650" >
                <axis x="0.539597" y="0.841568" z="0.024490" />
              </rotate>
            </keyframe>
            <keyframe time="0.041667" >
              <rotate angle="1.330650" >
                <axis x="0.539597" y="0.841568" z="0.024490" />
              </rotate>
            </keyframe>
          </keyframes>
        </track>
        <track bone="Bone.005" >
          <keyframes >
            <keyframe time="0.000000" >
              <rotate angle="0.618438" >
                <axis x="-0.998450" y="0.055650" z="-0.000000" />
              </rotate>
            </keyframe>
            <keyframe time="0.041667" >
              <rotate angle="0.618438" >
                <axis x="-0.998450" y="0.055650" z="-0.000000" />
              </rotate>
            </keyframe>
          </keyframes>
        </track>
        <track bone="Bone.007" >
          <keyframes >
            <keyframe time="0.000000" >
              <rotate angle="0.656216" >
                <axis x="0.019743" y="-0.034880" z="0.999197" />
              </rotate>
            </keyframe>
            <keyframe time="0.041667" >
              <rotate angle="0.656216" >
                <axis x="0.019743" y="-0.034880" z="0.999197" />
              </rotate>
            </keyframe>
          </keyframes>
        </track>
        <track bone="Bone.013" >
          <keyframes >
            <keyframe time="0.000000" >
              <rotate angle="0.430426" >
                <axis x="-0.937147" y="-0.061321" z="-0.343508" />
              </rotate>
            </keyframe>
            <keyframe time="0.041667" >
              <rotate angle="0.430426" >
                <axis x="-0.937147" y="-0.061321" z="-0.343508" />
              </rotate>
            </keyframe>
          </keyframes>
        </track>
        <track bone="Bone.015" >
          <keyframes >
            <keyframe time="0.000000" >
              <rotate angle="0.530187" >
                <axis x="0.123629" y="-0.068382" z="0.989969" />
              </rotate>
            </keyframe>
            <keyframe time="0.041667" >
              <rotate angle="0.530187" >
                <axis x="0.123629" y="-0.068382" z="0.989969" />
              </rotate>
            </keyframe>
          </keyframes>
        </track>
      </tracks>
    </animation>
  </animations>
</skeleton>