<?xml version="1.0" encoding="UTF-8"?>
<mesh>
    <sharedgeometry vertexcount="120">
        <vertexbuffer colours_diffuse="False" normals="true" positions="true" texture_coords="0">
            <vertex>
                <position x="-8.619205" y="-0.994376" z="1.000006"/>
                <normal x="-1.000000" y="0.000000" z="0.000000"/>
            </vertex>
            <vertex>
                <position x="-8.619205" y="1.005624" z="1.000006"/>
                <normal x="-1.000000" y="0.000000" z="0.000000"/>
            </vertex>
            <vertex>
                <position x="-8.619205" y="1.005624" z="-0.999994"/>
                <normal x="-1.000000" y="0.000000" z="0.000000"/>
            </vertex>
            <vertex>
                <position x="-8.619205" y="-0.994376" z="-0.999994"/>
                <normal x="-1.000000" y="0.000000" z="0.000000"/>
            </vertex>
            <vertex>
                <position x="-8.619205" y="-0.994376" z="-0.999994"/>
                <normal x="0.000000" y="0.000000" z="-1.000000"/>
            </vertex>
            <vertex>
                <position x="-8.619205" y="1.005624" z="-0.999994"/>
                <normal x="0.000000" y="0.000000" z="-1.000000"/>
            </vertex>
            <vertex>
                <position x="-6.619205" y="1.005624" z="-0.999994"/>
                <normal x="0.000000" y="0.000000" z="-1.000000"/>
            </vertex>
            <vertex>
                <position x="-6.619205" y="-0.994376" z="-0.999994"/>
                <normal x="0.000000" y="0.000000" z="-1.000000"/>
            </vertex>
            <vertex>
                <position x="-6.619205" y="-0.994376" z="-0.999994"/>
                <normal x="1.000000" y="0.000000" z="0.000000"/>
            </vertex>
            <vertex>
                <position x="-6.619205" y="1.005624" z="-0.999994"/>
                <normal x="1.000000" y="0.000000" z="0.000000"/>
            </vertex>
            <vertex>
                <position x="-6.619205" y="1.005624" z="1.000006"/>
                <normal x="1.000000" y="0.000000" z="0.000000"/>
            </vertex>
            <vertex>
                <position x="-6.619205" y="-0.994376" z="1.000006"/>
                <normal x="1.000000" y="0.000000" z="0.000000"/>
            </vertex>
            <vertex>
                <position x="-8.619205" y="1.005624" z="1.000006"/>
                <normal x="-0.000000" y="0.000000" z="1.000000"/>
            </vertex>
            <vertex>
                <position x="-8.619205" y="-0.994376" z="1.000006"/>
                <normal x="-0.000000" y="0.000000" z="1.000000"/>
            </vertex>
            <vertex>
                <position x="-6.619205" y="-0.994376" z="1.000006"/>
                <normal x="-0.000000" y="0.000000" z="1.000000"/>
            </vertex>
            <vertex>
                <position x="-6.619205" y="1.005624" z="1.000006"/>
                <normal x="-0.000000" y="0.000000" z="1.000000"/>
            </vertex>
            <vertex>
                <position x="-6.619205" y="-0.994376" z="1.000006"/>
                <normal x="0.000000" y="-1.000000" z="0.000000"/>
            </vertex>
            <vertex>
                <position x="-8.619205" y="-0.994376" z="1.000006"/>
                <normal x="0.000000" y="-1.000000" z="0.000000"/>
            </vertex>
            <vertex>
                <position x="-8.619205" y="-0.994376" z="-0.999994"/>
                <normal x="0.000000" y="-1.000000" z="0.000000"/>
            </vertex>
            <vertex>
                <position x="-6.619205" y="-0.994376" z="-0.999994"/>
                <normal x="0.000000" y="-1.000000" z="0.000000"/>
            </vertex>
            <vertex>
                <position x="-6.619205" y="1.005624" z="-0.999994"/>
                <normal x="0.000000" y="1.000000" z="0.000000"/>
            </vertex>
            <vertex>
                <position x="-8.619205" y="1.005624" z="-0.999994"/>
                <normal x="0.000000" y="1.000000" z="0.000000"/>
            </vertex>
            <vertex>
                <position x="-8.619205" y="1.005624" z="1.000006"/>
                <normal x="0.000000" y="1.000000" z="0.000000"/>
            </vertex>
            <vertex>
                <position x="-6.619205" y="1.005624" z="1.000006"/>
                <normal x="0.000000" y="1.000000" z="0.000000"/>
            </vertex>
            <vertex>
                <position x="-9.226065" y="-1.022490" z="26.547741"/>
                <normal x="-1.000000" y="0.000000" z="0.000000"/>
            </vertex>
            <vertex>
                <position x="-9.226065" y="0.977510" z="26.547741"/>
                <normal x="-1.000000" y="0.000000" z="0.000000"/>
            </vertex>
            <vertex>
                <position x="-9.226065" y="0.977510" z="-26.547741"/>
                <normal x="-1.000000" y="0.000000" z="0.000000"/>
            </vertex>
            <vertex>
                <position x="-9.226065" y="-1.022490" z="-26.547741"/>
                <normal x="-1.000000" y="0.000000" z="0.000000"/>
            </vertex>
            <vertex>
                <position x="-9.226065" y="-1.022490" z="-26.547741"/>
                <normal x="-0.000000" y="0.000000" z="-1.000000"/>
            </vertex>
            <vertex>
                <position x="-9.226065" y="0.977510" z="-26.547741"/>
                <normal x="-0.000000" y="0.000000" z="-1.000000"/>
            </vertex>
            <vertex>
                <position x="10.727026" y="0.977510" z="-26.547745"/>
                <normal x="-0.000000" y="0.000000" z="-1.000000"/>
            </vertex>
            <vertex>
                <position x="10.727026" y="-1.022490" z="-26.547745"/>
                <normal x="-0.000000" y="0.000000" z="-1.000000"/>
            </vertex>
            <vertex>
                <position x="10.727026" y="-1.022490" z="-26.547745"/>
                <normal x="1.000000" y="0.000000" z="0.000000"/>
            </vertex>
            <vertex>
                <position x="10.727026" y="0.977510" z="-26.547745"/>
                <normal x="1.000000" y="0.000000" z="0.000000"/>
            </vertex>
            <vertex>
                <position x="10.727026" y="0.977510" z="26.547737"/>
                <normal x="1.000000" y="0.000000" z="0.000000"/>
            </vertex>
            <vertex>
                <position x="10.727026" y="-1.022490" z="26.547737"/>
                <normal x="1.000000" y="0.000000" z="0.000000"/>
            </vertex>
            <vertex>
                <position x="10.727026" y="-1.022490" z="26.547737"/>
                <normal x="0.000000" y="0.000000" z="1.000000"/>
            </vertex>
            <vertex>
                <position x="10.727026" y="0.977510" z="26.547737"/>
                <normal x="0.000000" y="0.000000" z="1.000000"/>
            </vertex>
            <vertex>
                <position x="-9.226065" y="0.977510" z="26.547741"/>
                <normal x="0.000000" y="0.000000" z="1.000000"/>
            </vertex>
            <vertex>
                <position x="-9.226065" y="-1.022490" z="26.547741"/>
                <normal x="0.000000" y="0.000000" z="1.000000"/>
            </vertex>
            <vertex>
                <position x="-9.226065" y="-1.022490" z="-26.547741"/>
                <normal x="0.000000" y="-1.000000" z="-0.000000"/>
            </vertex>
            <vertex>
                <position x="10.727026" y="-1.022490" z="-26.547745"/>
                <normal x="0.000000" y="-1.000000" z="-0.000000"/>
            </vertex>
            <vertex>
                <position x="10.727026" y="-1.022490" z="26.547737"/>
                <normal x="0.000000" y="-1.000000" z="-0.000000"/>
            </vertex>
            <vertex>
                <position x="-9.226065" y="-1.022490" z="26.547741"/>
                <normal x="0.000000" y="-1.000000" z="-0.000000"/>
            </vertex>
            <vertex>
                <position x="10.727026" y="0.977510" z="-26.547745"/>
                <normal x="0.000000" y="1.000000" z="0.000000"/>
            </vertex>
            <vertex>
                <position x="-9.226065" y="0.977510" z="-26.547741"/>
                <normal x="0.000000" y="1.000000" z="0.000000"/>
            </vertex>
            <vertex>
                <position x="-9.226065" y="0.977510" z="26.547741"/>
                <normal x="0.000000" y="1.000000" z="0.000000"/>
            </vertex>
            <vertex>
                <position x="10.727026" y="0.977510" z="26.547737"/>
                <normal x="0.000000" y="1.000000" z="0.000000"/>
            </vertex>
            <vertex>
                <position x="-3.601917" y="-0.994378" z="0.999999"/>
                <normal x="-1.000000" y="0.000000" z="0.000000"/>
            </vertex>
            <vertex>
                <position x="-3.601917" y="1.005622" z="0.999999"/>
                <normal x="-1.000000" y="0.000000" z="0.000000"/>
            </vertex>
            <vertex>
                <position x="-3.601917" y="1.005622" z="-1.000001"/>
                <normal x="-1.000000" y="0.000000" z="0.000000"/>
            </vertex>
            <vertex>
                <position x="-3.601917" y="-0.994378" z="-1.000001"/>
                <normal x="-1.000000" y="0.000000" z="0.000000"/>
            </vertex>
            <vertex>
                <position x="-3.601917" y="-0.994378" z="-1.000001"/>
                <normal x="-0.000000" y="0.000000" z="-1.000000"/>
            </vertex>
            <vertex>
                <position x="-3.601917" y="1.005622" z="-1.000001"/>
                <normal x="-0.000000" y="0.000000" z="-1.000000"/>
            </vertex>
            <vertex>
                <position x="-1.601917" y="1.005622" z="-1.000002"/>
                <normal x="-0.000000" y="0.000000" z="-1.000000"/>
            </vertex>
            <vertex>
                <position x="-1.601917" y="-0.994378" z="-1.000002"/>
                <normal x="-0.000000" y="0.000000" z="-1.000000"/>
            </vertex>
            <vertex>
                <position x="-1.601917" y="-0.994378" z="-1.000002"/>
                <normal x="1.000000" y="0.000000" z="0.000000"/>
            </vertex>
            <vertex>
                <position x="-1.601917" y="1.005622" z="-1.000002"/>
                <normal x="1.000000" y="0.000000" z="0.000000"/>
            </vertex>
            <vertex>
                <position x="-1.601917" y="1.005622" z="0.999998"/>
                <normal x="1.000000" y="0.000000" z="0.000000"/>
            </vertex>
            <vertex>
                <position x="-1.601917" y="-0.994378" z="0.999998"/>
                <normal x="1.000000" y="0.000000" z="0.000000"/>
            </vertex>
            <vertex>
                <position x="-1.601917" y="-0.994378" z="0.999998"/>
                <normal x="0.000000" y="0.000000" z="1.000000"/>
            </vertex>
            <vertex>
                <position x="-1.601917" y="1.005622" z="0.999998"/>
                <normal x="0.000000" y="0.000000" z="1.000000"/>
            </vertex>
            <vertex>
                <position x="-3.601917" y="1.005622" z="0.999999"/>
                <normal x="0.000000" y="0.000000" z="1.000000"/>
            </vertex>
            <vertex>
                <position x="-3.601917" y="-0.994378" z="0.999999"/>
                <normal x="0.000000" y="0.000000" z="1.000000"/>
            </vertex>
            <vertex>
                <position x="-3.601917" y="-0.994378" z="-1.000001"/>
                <normal x="0.000000" y="-1.000000" z="-0.000000"/>
            </vertex>
            <vertex>
                <position x="-1.601917" y="-0.994378" z="-1.000002"/>
                <normal x="0.000000" y="-1.000000" z="-0.000000"/>
            </vertex>
            <vertex>
                <position x="-1.601917" y="-0.994378" z="0.999998"/>
                <normal x="0.000000" y="-1.000000" z="-0.000000"/>
            </vertex>
            <vertex>
                <position x="-3.601917" y="-0.994378" z="0.999999"/>
                <normal x="0.000000" y="-1.000000" z="-0.000000"/>
            </vertex>
            <vertex>
                <position x="-1.601917" y="1.005622" z="-1.000002"/>
                <normal x="0.000000" y="1.000000" z="0.000000"/>
            </vertex>
            <vertex>
                <position x="-3.601917" y="1.005622" z="-1.000001"/>
                <normal x="0.000000" y="1.000000" z="0.000000"/>
            </vertex>
            <vertex>
                <position x="-3.601917" y="1.005622" z="0.999999"/>
                <normal x="0.000000" y="1.000000" z="0.000000"/>
            </vertex>
            <vertex>
                <position x="-1.601917" y="1.005622" z="0.999998"/>
                <normal x="0.000000" y="1.000000" z="0.000000"/>
            </vertex>
            <vertex>
                <position x="1.144291" y="-0.994378" z="0.999999"/>
                <normal x="-1.000000" y="0.000000" z="0.000000"/>
            </vertex>
            <vertex>
                <position x="1.144291" y="1.005622" z="0.999999"/>
                <normal x="-1.000000" y="0.000000" z="0.000000"/>
            </vertex>
            <vertex>
                <position x="1.144291" y="1.005622" z="-1.000001"/>
                <normal x="-1.000000" y="0.000000" z="0.000000"/>
            </vertex>
            <vertex>
                <position x="1.144291" y="-0.994378" z="-1.000001"/>
                <normal x="-1.000000" y="0.000000" z="0.000000"/>
            </vertex>
            <vertex>
                <position x="1.144291" y="-0.994378" z="-1.000001"/>
                <normal x="-0.000000" y="0.000000" z="-1.000000"/>
            </vertex>
            <vertex>
                <position x="1.144291" y="1.005622" z="-1.000001"/>
                <normal x="-0.000000" y="0.000000" z="-1.000000"/>
            </vertex>
            <vertex>
                <position x="3.144291" y="1.005622" z="-1.000002"/>
                <normal x="-0.000000" y="0.000000" z="-1.000000"/>
            </vertex>
            <vertex>
                <position x="3.144291" y="-0.994378" z="-1.000002"/>
                <normal x="-0.000000" y="0.000000" z="-1.000000"/>
            </vertex>
            <vertex>
                <position x="3.144291" y="-0.994378" z="-1.000002"/>
                <normal x="1.000000" y="0.000000" z="0.000000"/>
            </vertex>
            <vertex>
                <position x="3.144291" y="1.005622" z="-1.000002"/>
                <normal x="1.000000" y="0.000000" z="0.000000"/>
            </vertex>
            <vertex>
                <position x="3.144291" y="1.005622" z="0.999998"/>
                <normal x="1.000000" y="0.000000" z="0.000000"/>
            </vertex>
            <vertex>
                <position x="3.144291" y="-0.994378" z="0.999998"/>
                <normal x="1.000000" y="0.000000" z="0.000000"/>
            </vertex>
            <vertex>
                <position x="3.144291" y="-0.994378" z="0.999998"/>
                <normal x="0.000000" y="0.000000" z="1.000000"/>
            </vertex>
            <vertex>
                <position x="3.144291" y="1.005622" z="0.999998"/>
                <normal x="0.000000" y="0.000000" z="1.000000"/>
            </vertex>
            <vertex>
                <position x="1.144291" y="1.005622" z="0.999999"/>
                <normal x="0.000000" y="0.000000" z="1.000000"/>
            </vertex>
            <vertex>
                <position x="1.144291" y="-0.994378" z="0.999999"/>
                <normal x="0.000000" y="0.000000" z="1.000000"/>
            </vertex>
            <vertex>
                <position x="1.144291" y="-0.994378" z="-1.000001"/>
                <normal x="0.000000" y="-1.000000" z="-0.000000"/>
            </vertex>
            <vertex>
                <position x="3.144291" y="-0.994378" z="-1.000002"/>
                <normal x="0.000000" y="-1.000000" z="-0.000000"/>
            </vertex>
            <vertex>
                <position x="3.144291" y="-0.994378" z="0.999998"/>
                <normal x="0.000000" y="-1.000000" z="-0.000000"/>
            </vertex>
            <vertex>
                <position x="1.144291" y="-0.994378" z="0.999999"/>
                <normal x="0.000000" y="-1.000000" z="-0.000000"/>
            </vertex>
            <vertex>
                <position x="3.144291" y="1.005622" z="-1.000002"/>
                <normal x="0.000000" y="1.000000" z="0.000000"/>
            </vertex>
            <vertex>
                <position x="1.144291" y="1.005622" z="-1.000001"/>
                <normal x="0.000000" y="1.000000" z="0.000000"/>
            </vertex>
            <vertex>
                <position x="1.144291" y="1.005622" z="0.999999"/>
                <normal x="0.000000" y="1.000000" z="0.000000"/>
            </vertex>
            <vertex>
                <position x="3.144291" y="1.005622" z="0.999998"/>
                <normal x="0.000000" y="1.000000" z="0.000000"/>
            </vertex>
            <vertex>
                <position x="6.326344" y="-0.994378" z="0.999999"/>
                <normal x="-1.000000" y="0.000000" z="0.000000"/>
            </vertex>
            <vertex>
                <position x="6.326344" y="1.005622" z="0.999999"/>
                <normal x="-1.000000" y="0.000000" z="0.000000"/>
            </vertex>
            <vertex>
                <position x="6.326344" y="1.005622" z="-1.000001"/>
                <normal x="-1.000000" y="0.000000" z="0.000000"/>
            </vertex>
            <vertex>
                <position x="6.326344" y="-0.994378" z="-1.000001"/>
                <normal x="-1.000000" y="0.000000" z="0.000000"/>
            </vertex>
            <vertex>
                <position x="6.326344" y="-0.994378" z="-1.000001"/>
                <normal x="-0.000000" y="0.000000" z="-1.000000"/>
            </vertex>
            <vertex>
                <position x="6.326344" y="1.005622" z="-1.000001"/>
                <normal x="-0.000000" y="0.000000" z="-1.000000"/>
            </vertex>
            <vertex>
                <position x="8.326344" y="1.005622" z="-1.000002"/>
                <normal x="-0.000000" y="0.000000" z="-1.000000"/>
            </vertex>
            <vertex>
                <position x="8.326344" y="-0.994378" z="-1.000002"/>
                <normal x="-0.000000" y="0.000000" z="-1.000000"/>
            </vertex>
            <vertex>
                <position x="8.326344" y="-0.994378" z="-1.000002"/>
                <normal x="1.000000" y="0.000000" z="0.000000"/>
            </vertex>
            <vertex>
                <position x="8.326344" y="1.005622" z="-1.000002"/>
                <normal x="1.000000" y="0.000000" z="0.000000"/>
            </vertex>
            <vertex>
                <position x="8.326344" y="1.005622" z="0.999998"/>
                <normal x="1.000000" y="0.000000" z="0.000000"/>
            </vertex>
            <vertex>
                <position x="8.326344" y="-0.994378" z="0.999998"/>
                <normal x="1.000000" y="0.000000" z="0.000000"/>
            </vertex>
            <vertex>
                <position x="8.326344" y="-0.994378" z="0.999998"/>
                <normal x="0.000000" y="0.000000" z="1.000000"/>
            </vertex>
            <vertex>
                <position x="8.326344" y="1.005622" z="0.999998"/>
                <normal x="0.000000" y="0.000000" z="1.000000"/>
            </vertex>
            <vertex>
                <position x="6.326344" y="1.005622" z="0.999999"/>
                <normal x="0.000000" y="0.000000" z="1.000000"/>
            </vertex>
            <vertex>
                <position x="6.326344" y="-0.994378" z="0.999999"/>
                <normal x="0.000000" y="0.000000" z="1.000000"/>
            </vertex>
            <vertex>
                <position x="6.326344" y="-0.994378" z="-1.000001"/>
                <normal x="0.000000" y="-1.000000" z="-0.000000"/>
            </vertex>
            <vertex>
                <position x="8.326344" y="-0.994378" z="-1.000002"/>
                <normal x="0.000000" y="-1.000000" z="-0.000000"/>
            </vertex>
            <vertex>
                <position x="8.326344" y="-0.994378" z="0.999998"/>
                <normal x="0.000000" y="-1.000000" z="-0.000000"/>
            </vertex>
            <vertex>
                <position x="6.326344" y="-0.994378" z="0.999999"/>
                <normal x="0.000000" y="-1.000000" z="-0.000000"/>
            </vertex>
            <vertex>
                <position x="8.326344" y="1.005622" z="-1.000002"/>
                <normal x="0.000000" y="1.000000" z="0.000000"/>
            </vertex>
            <vertex>
                <position x="6.326344" y="1.005622" z="-1.000001"/>
                <normal x="0.000000" y="1.000000" z="0.000000"/>
            </vertex>
            <vertex>
                <position x="6.326344" y="1.005622" z="0.999999"/>
                <normal x="0.000000" y="1.000000" z="0.000000"/>
            </vertex>
            <vertex>
                <position x="8.326344" y="1.005622" z="0.999998"/>
                <normal x="0.000000" y="1.000000" z="0.000000"/>
            </vertex>
        </vertexbuffer>
    </sharedgeometry>
    <submeshes>
        <submesh material="c" operationtype="triangle_list" use32bitindexes="False" usesharedvertices="true">
            <faces count="12">
                <face v1="0" v2="1" v3="2"/>
                <face v1="0" v2="2" v3="3"/>
                <face v1="4" v2="5" v3="6"/>
                <face v1="4" v2="6" v3="7"/>
                <face v1="8" v2="9" v3="10"/>
                <face v1="8" v2="10" v3="11"/>
                <face v1="12" v2="13" v3="14"/>
                <face v1="12" v2="14" v3="15"/>
                <face v1="16" v2="17" v3="18"/>
                <face v1="16" v2="18" v3="19"/>
                <face v1="20" v2="21" v3="22"/>
                <face v1="20" v2="22" v3="23"/>
            </faces>
        </submesh>
        <submesh material="a" operationtype="triangle_list" use32bitindexes="False" usesharedvertices="true">
            <faces count="12">
                <face v1="24" v2="25" v3="26"/>
                <face v1="24" v2="26" v3="27"/>
                <face v1="28" v2="29" v3="30"/>
                <face v1="28" v2="30" v3="31"/>
                <face v1="32" v2="33" v3="34"/>
                <face v1="32" v2="34" v3="35"/>
                <face v1="36" v2="37" v3="38"/>
                <face v1="36" v2="38" v3="39"/>
                <face v1="40" v2="41" v3="42"/>
                <face v1="40" v2="42" v3="43"/>
                <face v1="44" v2="45" v3="46"/>
                <face v1="44" v2="46" v3="47"/>
            </faces>
        </submesh>
        <submesh material="r" operationtype="triangle_list" use32bitindexes="False" usesharedvertices="true">
            <faces count="12">
                <face v1="48" v2="49" v3="50"/>
                <face v1="48" v2="50" v3="51"/>
                <face v1="52" v2="53" v3="54"/>
                <face v1="52" v2="54" v3="55"/>
                <face v1="56" v2="57" v3="58"/>
                <face v1="56" v2="58" v3="59"/>
                <face v1="60" v2="61" v3="62"/>
                <face v1="60" v2="62" v3="63"/>
                <face v1="64" v2="65" v3="66"/>
                <face v1="64" v2="66" v3="67"/>
                <face v1="68" v2="69" v3="70"/>
                <face v1="68" v2="70" v3="71"/>
            </faces>
        </submesh>
        <submesh material="rr" operationtype="triangle_list" use32bitindexes="False" usesharedvertices="true">
            <faces count="12">
                <face v1="72" v2="73" v3="74"/>
                <face v1="72" v2="74" v3="75"/>
                <face v1="76" v2="77" v3="78"/>
                <face v1="76" v2="78" v3="79"/>
                <face v1="80" v2="81" v3="82"/>
                <face v1="80" v2="82" v3="83"/>
                <face v1="84" v2="85" v3="86"/>
                <face v1="84" v2="86" v3="87"/>
                <face v1="88" v2="89" v3="90"/>
                <face v1="88" v2="90" v3="91"/>
                <face v1="92" v2="93" v3="94"/>
                <face v1="92" v2="94" v3="95"/>
            </faces>
        </submesh>
        <submesh material="e" operationtype="triangle_list" use32bitindexes="False" usesharedvertices="true">
            <faces count="12">
                <face v1="96" v2="97" v3="98"/>
                <face v1="96" v2="98" v3="99"/>
                <face v1="100" v2="101" v3="102"/>
                <face v1="100" v2="102" v3="103"/>
                <face v1="104" v2="105" v3="106"/>
                <face v1="104" v2="106" v3="107"/>
                <face v1="108" v2="109" v3="110"/>
                <face v1="108" v2="110" v3="111"/>
                <face v1="112" v2="113" v3="114"/>
                <face v1="112" v2="114" v3="115"/>
                <face v1="116" v2="117" v3="118"/>
                <face v1="116" v2="118" v3="119"/>
            </faces>
        </submesh>
    </submeshes>
    <submeshnames>
        <submesh index="0" name="c"/>
        <submesh index="1" name="a"/>
        <submesh index="2" name="r"/>
        <submesh index="3" name="rr"/>
        <submesh index="4" name="e"/>
    </submeshnames>
</mesh>
