<?xml version="1.0" encoding="UTF-8"?>
<skeleton >
  <bones >
    <bone id="0" name="Bone" >
      <position x="0.000000" y="0.000000" z="0.000000" />
      <rotation angle="0.000000" >
        <axis x="1.000000" y="0.000000" z="0.000000" />
      </rotation>
    </bone>
  </bones>
  <bonehierarchy />
  <animations >
    <animation length="2.633333" name="Idle" >
      <tracks >
        <track bone="Bone" >
          <keyframes >
            <keyframe time="0.000000" >
              <translate x="0.000000" y="0.000000" z="0.000000" />
              <rotate angle="0.000000" >
                <axis x="0.000000" y="0.000000" z="0.000000" />
              </rotate>
            </keyframe>
            <keyframe time="0.033333" >
              <translate x="0.000000" y="0.001783" z="0.000000" />
              <rotate angle="0.001544" >
                <axis x="1.035719" y="0.000000" z="0.000000" />
              </rotate>
            </keyframe>
            <keyframe time="0.066667" >
              <translate x="0.000000" y="0.007254" z="0.000000" />
              <rotate angle="0.006441" >
                <axis x="0.998887" y="0.000000" z="0.000000" />
              </rotate>
            </keyframe>
            <keyframe time="0.100000" >
              <translate x="0.000000" y="0.016568" z="0.000000" />
              <rotate angle="0.014518" >
                <axis x="0.999692" y="0.000000" z="0.000000" />
              </rotate>
            </keyframe>
            <keyframe time="0.133333" >
              <translate x="0.000000" y="0.029825" z="0.000000" />
              <rotate angle="0.025764" >
                <axis x="1.000258" y="0.000000" z="0.000000" />
              </rotate>
            </keyframe>
            <keyframe time="0.166667" >
              <translate x="0.000000" y="0.047043" z="0.000000" />
              <rotate angle="0.040040" >
                <axis x="0.999979" y="0.000000" z="0.000000" />
              </rotate>
            </keyframe>
            <keyframe time="0.200000" >
              <translate x="0.000000" y="0.068138" z="0.000000" />
              <rotate angle="0.057033" >
                <axis x="1.000038" y="0.000000" z="0.000000" />
              </rotate>
            </keyframe>
            <keyframe time="0.233333" >
              <translate x="0.000000" y="0.092898" z="0.000000" />
              <rotate angle="0.076342" >
                <axis x="1.000023" y="0.000000" z="0.000000" />
              </rotate>
            </keyframe>
            <keyframe time="0.266667" >
              <translate x="0.000000" y="0.120971" z="0.000000" />
              <rotate angle="0.097421" >
                <axis x="1.000009" y="0.000000" z="0.000000" />
              </rotate>
            </keyframe>
            <keyframe time="0.300000" >
              <translate x="0.000000" y="0.151870" z="0.000000" />
              <rotate angle="0.119614" >
                <axis x="1.000000" y="0.000000" z="0.000000" />
              </rotate>
            </keyframe>
            <keyframe time="0.333333" >
              <translate x="0.000000" y="0.184988" z="0.000000" />
              <rotate angle="0.142186" >
                <axis x="0.999996" y="0.000000" z="0.000000" />
              </rotate>
            </keyframe>
            <keyframe time="0.366667" >
              <translate x="0.000000" y="0.219642" z="0.000000" />
              <rotate angle="0.164377" >
                <axis x="0.999998" y="0.000000" z="0.000000" />
              </rotate>
            </keyframe>
            <keyframe time="0.400000" >
              <translate x="0.000000" y="0.255119" z="0.000000" />
              <rotate angle="0.185455" >
                <axis x="1.000001" y="0.000000" z="0.000000" />
              </rotate>
            </keyframe>
            <keyframe time="0.433333" >
              <translate x="0.000000" y="0.290727" z="0.000000" />
              <rotate angle="0.204764" >
                <axis x="1.000004" y="0.000000" z="0.000000" />
              </rotate>
            </keyframe>
            <keyframe time="0.466667" >
              <translate x="0.000000" y="0.325838" z="0.000000" />
              <rotate angle="0.221760" >
                <axis x="1.000003" y="0.000000" z="0.000000" />
              </rotate>
            </keyframe>
            <keyframe time="0.500000" >
              <translate x="0.000000" y="0.359919" z="0.000000" />
              <rotate angle="0.236029" >
                <axis x="1.000001" y="0.000000" z="0.000000" />
              </rotate>
            </keyframe>
            <keyframe time="0.533333" >
              <translate x="0.000000" y="0.392544" z="0.000000" />
              <rotate angle="0.247286" >
                <axis x="1.000002" y="0.000000" z="0.000000" />
              </rotate>
            </keyframe>
            <keyframe time="0.566667" >
              <translate x="0.000000" y="0.423395" z="0.000000" />
              <rotate angle="0.255366" >
                <axis x="1.000000" y="0.000000" z="0.000000" />
              </rotate>
            </keyframe>
            <keyframe time="0.600000" >
              <translate x="0.000000" y="0.452251" z="0.000000" />
              <rotate angle="0.260200" >
                <axis x="1.000002" y="0.000000" z="0.000000" />
              </rotate>
            </keyframe>
            <keyframe time="0.633333" >
              <translate x="0.000000" y="0.478976" z="0.000000" />
              <rotate angle="0.261799" >
                <axis x="1.000001" y="0.000000" z="0.000000" />
              </rotate>
            </keyframe>
            <keyframe time="0.666667" >
              <translate x="0.000000" y="0.505739" z="0.000000" />
              <rotate angle="0.261114" >
                <axis x="1.000005" y="0.000000" z="0.000000" />
              </rotate>
            </keyframe>
            <keyframe time="0.700000" >
              <translate x="0.000000" y="0.534720" z="0.000000" />
              <rotate angle="0.259053" >
                <axis x="1.000001" y="0.000000" z="0.000000" />
              </rotate>
            </keyframe>
            <keyframe time="0.733333" >
              <translate x="0.000000" y="0.565802" z="0.000000" />
              <rotate angle="0.255601" >
                <axis x="1.000000" y="0.000000" z="0.000000" />
              </rotate>
            </keyframe>
            <keyframe time="0.766667" >
              <translate x="0.000000" y="0.598792" z="0.000000" />
              <rotate angle="0.250753" >
                <axis x="1.000002" y="0.000000" z="0.000000" />
              </rotate>
            </keyframe>
            <keyframe time="0.800000" >
              <translate x="0.000000" y="0.633412" z="0.000000" />
              <rotate angle="0.244508" >
                <axis x="1.000002" y="0.000000" z="0.000000" />
              </rotate>
            </keyframe>
            <keyframe time="0.833333" >
              <translate x="0.000000" y="0.669286" z="0.000000" />
              <rotate angle="0.236872" >
                <axis x="1.000001" y="0.000000" z="0.000000" />
              </rotate>
            </keyframe>
            <keyframe time="0.866667" >
              <translate x="0.000000" y="0.705936" z="0.000000" />
              <rotate angle="0.227857" >
                <axis x="1.000007" y="0.000000" z="0.000000" />
              </rotate>
            </keyframe>
            <keyframe time="0.900000" >
              <translate x="0.000000" y="0.742795" z="0.000000" />
              <rotate angle="0.217489" >
                <axis x="1.000006" y="0.000000" z="0.000000" />
              </rotate>
            </keyframe>
            <keyframe time="0.933333" >
              <translate x="0.000000" y="0.779222" z="0.000000" />
              <rotate angle="0.205800" >
                <axis x="1.000000" y="0.000000" z="0.000000" />
              </rotate>
            </keyframe>
            <keyframe time="0.966667" >
              <translate x="0.000000" y="0.814535" z="0.000000" />
              <rotate angle="0.192830" >
                <axis x="1.000001" y="0.000000" z="0.000000" />
              </rotate>
            </keyframe>
            <keyframe time="1.000000" >
              <translate x="0.000000" y="0.848058" z="0.000000" />
              <rotate angle="0.178633" >
                <axis x="1.000007" y="0.000000" z="0.000000" />
              </rotate>
            </keyframe>
            <keyframe time="1.033333" >
              <translate x="0.000000" y="0.879158" z="0.000000" />
              <rotate angle="0.163277" >
                <axis x="1.000002" y="0.000000" z="0.000000" />
              </rotate>
            </keyframe>
            <keyframe time="1.066667" >
              <translate x="0.000000" y="0.907292" z="0.000000" />
              <rotate angle="0.146839" >
                <axis x="0.999998" y="0.000000" z="0.000000" />
              </rotate>
            </keyframe>
            <keyframe time="1.100000" >
              <translate x="0.000000" y="0.932031" z="0.000000" />
              <rotate angle="0.129405" >
                <axis x="1.000022" y="0.000000" z="0.000000" />
              </rotate>
            </keyframe>
            <keyframe time="1.133333" >
              <translate x="0.000000" y="0.953072" z="0.000000" />
              <rotate angle="0.111087" >
                <axis x="1.000000" y="0.000000" z="0.000000" />
              </rotate>
            </keyframe>
            <keyframe time="1.166667" >
              <translate x="0.000000" y="0.970234" z="0.000000" />
              <rotate angle="0.091989" >
                <axis x="1.000016" y="0.000000" z="0.000000" />
              </rotate>
            </keyframe>
            <keyframe time="1.200000" >
              <translate x="0.000000" y="0.983451" z="0.000000" />
              <rotate angle="0.072243" >
                <axis x="0.999999" y="0.000000" z="0.000000" />
              </rotate>
            </keyframe>
            <keyframe time="1.233333" >
              <translate x="0.000000" y="0.992747" z="0.000000" />
              <rotate angle="0.051980" >
                <axis x="0.999973" y="0.000000" z="0.000000" />
              </rotate>
            </keyframe>
            <keyframe time="1.266667" >
              <translate x="0.000000" y="0.998215" z="0.000000" />
              <rotate angle="0.031327" >
                <axis x="1.000392" y="0.000000" z="0.000000" />
              </rotate>
            </keyframe>
            <keyframe time="1.300000" >
              <translate x="0.000000" y="1.000000" z="0.000000" />
              <rotate angle="0.010472" >
                <axis x="0.999926" y="0.000000" z="0.000000" />
              </rotate>
            </keyframe>
            <keyframe time="1.333333" >
              <translate x="0.000000" y="0.998627" z="0.000000" />
              <rotate angle="0.010472" >
                <axis x="-0.999924" y="0.000000" z="0.000000" />
              </rotate>
            </keyframe>
            <keyframe time="1.366667" >
              <translate x="0.000000" y="0.994489" z="0.000000" />
              <rotate angle="0.031327" >
                <axis x="-1.000391" y="0.000000" z="0.000000" />
              </rotate>
            </keyframe>
            <keyframe time="1.400000" >
              <translate x="0.000000" y="0.987561" z="0.000000" />
              <rotate angle="0.051980" >
                <axis x="-0.999974" y="0.000000" z="0.000000" />
              </rotate>
            </keyframe>
            <keyframe time="1.433333" >
              <translate x="0.000000" y="0.977831" z="0.000000" />
              <rotate angle="0.072243" >
                <axis x="-0.999999" y="0.000000" z="0.000000" />
              </rotate>
            </keyframe>
            <keyframe time="1.466667" >
              <translate x="0.000000" y="0.965298" z="0.000000" />
              <rotate angle="0.091989" >
                <axis x="-1.000016" y="0.000000" z="0.000000" />
              </rotate>
            </keyframe>
            <keyframe time="1.500000" >
              <translate x="0.000000" y="0.949977" z="0.000000" />
              <rotate angle="0.111087" >
                <axis x="-1.000000" y="0.000000" z="0.000000" />
              </rotate>
            </keyframe>
            <keyframe time="1.533333" >
              <translate x="0.000000" y="0.931898" z="0.000000" />
              <rotate angle="0.129405" >
                <axis x="-1.000022" y="0.000000" z="0.000000" />
              </rotate>
            </keyframe>
            <keyframe time="1.566667" >
              <translate x="0.000000" y="0.911111" z="0.000000" />
              <rotate angle="0.146839" >
                <axis x="-0.999998" y="0.000000" z="0.000000" />
              </rotate>
            </keyframe>
            <keyframe time="1.600000" >
              <translate x="0.000000" y="0.887686" z="0.000000" />
              <rotate angle="0.163277" >
                <axis x="-1.000003" y="0.000000" z="0.000000" />
              </rotate>
            </keyframe>
            <keyframe time="1.633333" >
              <translate x="0.000000" y="0.861716" z="0.000000" />
              <rotate angle="0.178634" >
                <axis x="-1.000000" y="0.000000" z="0.000000" />
              </rotate>
            </keyframe>
            <keyframe time="1.666667" >
              <translate x="0.000000" y="0.833316" z="0.000000" />
              <rotate angle="0.192830" >
                <axis x="-1.000001" y="0.000000" z="0.000000" />
              </rotate>
            </keyframe>
            <keyframe time="1.700000" >
              <translate x="0.000000" y="0.802628" z="0.000000" />
              <rotate angle="0.205800" >
                <axis x="-1.000000" y="0.000000" z="0.000000" />
              </rotate>
            </keyframe>
            <keyframe time="1.733333" >
              <translate x="0.000000" y="0.769821" z="0.000000" />
              <rotate angle="0.217489" >
                <axis x="-1.000006" y="0.000000" z="0.000000" />
              </rotate>
            </keyframe>
            <keyframe time="1.766667" >
              <translate x="0.000000" y="0.735087" z="0.000000" />
              <rotate angle="0.227857" >
                <axis x="-1.000007" y="0.000000" z="0.000000" />
              </rotate>
            </keyframe>
            <keyframe time="1.800000" >
              <translate x="0.000000" y="0.698645" z="0.000000" />
              <rotate angle="0.236872" >
                <axis x="-1.000001" y="0.000000" z="0.000000" />
              </rotate>
            </keyframe>
            <keyframe time="1.833333" >
              <translate x="0.000000" y="0.660738" z="0.000000" />
              <rotate angle="0.244508" >
                <axis x="-1.000002" y="0.000000" z="0.000000" />
              </rotate>
            </keyframe>
            <keyframe time="1.866667" >
              <translate x="0.000000" y="0.621631" z="0.000000" />
              <rotate angle="0.250753" >
                <axis x="-1.000002" y="0.000000" z="0.000000" />
              </rotate>
            </keyframe>
            <keyframe time="1.900000" >
              <translate x="0.000000" y="0.581605" z="0.000000" />
              <rotate angle="0.255601" >
                <axis x="-1.000000" y="0.000000" z="0.000000" />
              </rotate>
            </keyframe>
            <keyframe time="1.933333" >
              <translate x="0.000000" y="0.540959" z="0.000000" />
              <rotate angle="0.259052" >
                <axis x="-1.000005" y="0.000000" z="0.000000" />
              </rotate>
            </keyframe>
            <keyframe time="1.966667" >
              <translate x="0.000000" y="0.500000" z="0.000000" />
              <rotate angle="0.261114" >
                <axis x="-1.000005" y="0.000000" z="0.000000" />
              </rotate>
            </keyframe>
            <keyframe time="2.000000" >
              <translate x="0.000000" y="0.459041" z="0.000000" />
              <rotate angle="0.261799" >
                <axis x="-1.000001" y="0.000000" z="0.000000" />
              </rotate>
            </keyframe>
            <keyframe time="2.033333" >
              <translate x="0.000000" y="0.418395" z="0.000000" />
              <rotate angle="0.260200" >
                <axis x="-1.000002" y="0.000000" z="0.000000" />
              </rotate>
            </keyframe>
            <keyframe time="2.066667" >
              <translate x="0.000000" y="0.378369" z="0.000000" />
              <rotate angle="0.255366" >
                <axis x="-1.000000" y="0.000000" z="0.000000" />
              </rotate>
            </keyframe>
            <keyframe time="2.100000" >
              <translate x="0.000000" y="0.339262" z="0.000000" />
              <rotate angle="0.247286" >
                <axis x="-1.000002" y="0.000000" z="0.000000" />
              </rotate>
            </keyframe>
            <keyframe time="2.133333" >
              <translate x="0.000000" y="0.301355" z="0.000000" />
              <rotate angle="0.236029" >
                <axis x="-1.000001" y="0.000000" z="0.000000" />
              </rotate>
            </keyframe>
            <keyframe time="2.166667" >
              <translate x="0.000000" y="0.264913" z="0.000000" />
              <rotate angle="0.221760" >
                <axis x="-1.000003" y="0.000000" z="0.000000" />
              </rotate>
            </keyframe>
            <keyframe time="2.200000" >
              <translate x="0.000000" y="0.230179" z="0.000000" />
              <rotate angle="0.204764" >
                <axis x="-1.000004" y="0.000000" z="0.000000" />
              </rotate>
            </keyframe>
            <keyframe time="2.233333" >
              <translate x="0.000000" y="0.197371" z="0.000000" />
              <rotate angle="0.185455" >
                <axis x="-1.000001" y="0.000000" z="0.000000" />
              </rotate>
            </keyframe>
            <keyframe time="2.266667" >
              <translate x="0.000000" y="0.166684" z="0.000000" />
              <rotate angle="0.164377" >
                <axis x="-0.999998" y="0.000000" z="0.000000" />
              </rotate>
            </keyframe>
            <keyframe time="2.300000" >
              <translate x="0.000000" y="0.138284" z="0.000000" />
              <rotate angle="0.142186" >
                <axis x="-0.999996" y="0.000000" z="0.000000" />
              </rotate>
            </keyframe>
            <keyframe time="2.333333" >
              <translate x="0.000000" y="0.112314" z="0.000000" />
              <rotate angle="0.119614" >
                <axis x="-1.000000" y="0.000000" z="0.000000" />
              </rotate>
            </keyframe>
            <keyframe time="2.366667" >
              <translate x="0.000000" y="0.088889" z="0.000000" />
              <rotate angle="0.097421" >
                <axis x="-1.000009" y="0.000000" z="0.000000" />
              </rotate>
            </keyframe>
            <keyframe time="2.400000" >
              <translate x="0.000000" y="0.068102" z="0.000000" />
              <rotate angle="0.076342" >
                <axis x="-1.000023" y="0.000000" z="0.000000" />
              </rotate>
            </keyframe>
            <keyframe time="2.433333" >
              <translate x="0.000000" y="0.050023" z="0.000000" />
              <rotate angle="0.057033" >
                <axis x="-1.000038" y="0.000000" z="0.000000" />
              </rotate>
            </keyframe>
            <keyframe time="2.466667" >
              <translate x="0.000000" y="0.034702" z="0.000000" />
              <rotate angle="0.040040" >
                <axis x="-0.999979" y="0.000000" z="0.000000" />
              </rotate>
            </keyframe>
            <keyframe time="2.500000" >
              <translate x="0.000000" y="0.022169" z="0.000000" />
              <rotate angle="0.025764" >
                <axis x="-1.000258" y="0.000000" z="0.000000" />
              </rotate>
            </keyframe>
            <keyframe time="2.533333" >
              <translate x="0.000000" y="0.012439" z="0.000000" />
              <rotate angle="0.014518" >
                <axis x="-0.999693" y="0.000000" z="0.000000" />
              </rotate>
            </keyframe>
            <keyframe time="2.566667" >
              <translate x="0.000000" y="0.005511" z="0.000000" />
              <rotate angle="0.006441" >
                <axis x="-0.998885" y="0.000000" z="0.000000" />
              </rotate>
            </keyframe>
            <keyframe time="2.600000" >
              <translate x="0.000000" y="0.001373" z="0.000000" />
              <rotate angle="0.001544" >
                <axis x="-1.035712" y="0.000000" z="0.000000" />
              </rotate>
            </keyframe>
            <keyframe time="2.633333" >
              <translate x="0.000000" y="0.000000" z="0.000000" />
              <rotate angle="0.000000" >
                <axis x="0.000000" y="0.000000" z="0.000000" />
              </rotate>
            </keyframe>
          </keyframes>
        </track>
      </tracks>
    </animation>
  </animations>
</skeleton>